2021-10-20,490,268295.000000
2022-05-31,494,800.000000
2021-10-03,492,4310.000000
2021-09-16,492,6940.000000
2022-08-12,491,181.600000
2022-08-13,493,50.340000
2022-10-03,493,999.590000
2022-10-28,490,434366.000000
2023-02-07,490,339353.000000
2021-11-06,490,293898.000000
2021-11-23,492,18140.000000
2021-12-10,492,12420.000000
2021-12-27,492,11480.000000
2022-02-16,492,11710.000000
2023-05-20,492,5200.000000
2023-06-01,495,48.560000
2022-04-10,494,3940.000000
2022-04-15,491,76.060000
2022-08-21,490,330353.000000
2022-09-16,493,522.980000
2022-11-06,493,676.690000
2022-12-18,490,254245.000000
2022-12-18,492,7240.000000
2023-05-27,491,214.700000
2023-06-06,492,14033.000000
2022-02-23,491,79.160000
2022-02-11,495,48.280000
2022-03-12,491,130.800000
2022-05-19,491,77.980000
2022-11-23,493,1074.400000
2023-01-04,490,264734.000000
2022-08-30,493,1156.460000
2023-01-21,490,441943.000000
2023-03-13,492,23735.000000
2022-02-01,494,500.000000
2022-01-08,495,46.140000
2022-11-14,490,299416.000000
2022-12-01,490,252474.000000
2023-03-30,492,1000.000000
2023-04-16,492,5100.000000
2021-11-06,492,2760.000000
2022-03-05,492,660.000000
2022-10-20,493,506.280000
2023-01-30,493,1117.280000
2022-05-14,494,200.000000
2022-07-27,493,486.100000
2023-02-24,492,7200.000000
2023-05-03,492,7690.000000
2022-07-04,494,2700.000000
2022-05-20,493,47.840000
2022-01-13,490,413064.000000
2022-01-13,492,13210.000000
2021-09-25,493,414.970000
2022-09-24,490,431177.000000
2022-10-28,492,10400.000000
2022-12-04,494,2220.000000
2021-11-23,490,350585.000000
2021-12-27,490,351919.000000
2021-10-12,493,493.360000
2022-09-15,491,72.900000
2022-09-07,490,217737.000000
2022-10-11,490,267160.000000
2021-12-10,490,283320.000000
2023-05-29,493,1323.660000
2022-01-30,492,17120.000000
2021-10-27,491,50.160000
2022-08-29,491,171.200000
2022-10-11,492,11770.000000
2022-11-17,494,900.000000
2023-03-13,490,398944.000000
2023-03-15,494,2560.000000
2022-03-29,491,132.560000
2022-01-15,494,500.000000
2021-10-10,491,234.270000
2022-12-10,493,760.760000
2023-04-18,494,2300.000000
2022-06-06,493,237.000000
2021-11-25,494,500.000000
2021-09-08,493,601.520000
2022-07-02,492,7475.000000
2022-10-19,491,198.240000
2022-11-14,492,13760.000000
2022-12-01,492,6158.000000
2022-12-27,493,898.800000
2023-01-13,493,1369.400000
2023-01-28,491,369.980000
2023-03-30,490,292119.000000
2023-04-16,490,384172.000000
2023-06-13,491,241.720000
2021-09-11,495,51.140000
2021-11-13,491,128.040000
2022-10-14,494,500.000000
2022-10-31,494,2500.000000
2023-02-24,490,505465.000000
2023-04-01,494,2100.000000
2022-04-07,492,4100.000000
2022-03-21,490,429600.000000
2022-03-22,490,462817.000000
2022-02-15,490,488490.000000
2022-01-21,493,594.300000
2022-07-19,490,368802.000000
2022-09-14,491,158.880000
2023-02-10,494,1360.000000
2022-04-25,490,185747.000000
2021-12-09,490,282803.000000
2022-09-07,492,11078.000000
2023-05-12,493,333.600000
2023-05-28,493,757.800000
2022-02-08,493,1137.200000
2022-02-24,493,584.420000
2021-09-23,491,377.770000
2021-09-24,491,490.850000
2021-09-02,494,200.000000
2021-09-01,494,200.000000
2022-10-30,494,2400.000000
2022-12-03,494,1000.000000
2022-03-31,493,616.680000
2022-06-15,492,10485.000000
2021-10-06,494,40.000000
2022-10-24,495,24.190000
2023-04-08,493,613.600000
2023-05-19,490,448771.000000
2021-10-29,493,494.440000
2022-11-15,492,10600.000000
2023-03-16,494,800.000000
2022-01-05,493,682.160000
2021-12-01,493,262.280000
2022-07-01,492,6660.000000
2022-08-04,492,9700.000000
2022-08-05,492,6050.000000
2022-12-25,491,141.180000
2022-12-26,491,82.120000
2023-01-29,491,92.860000
2023-03-04,493,1215.800000
2022-01-04,493,1660.800000
2021-11-08,494,700.000000
2022-09-08,492,4930.000000
2022-05-11,490,22027.000000
2022-11-21,491,47.860000
2022-11-22,491,238.540000
2023-02-09,494,600.000000
2023-02-14,491,229.260000
2022-02-24,491,263.400000
2022-02-16,490,437440.000000
2022-05-18,491,105.300000
2022-01-12,490,352659.000000
2021-09-24,493,562.950000
2022-08-07,494,500.000000
2023-01-04,492,13681.000000
2021-09-16,490,599043.000000
2022-04-08,492,11360.000000
2022-01-20,491,409.080000
2022-01-21,491,393.200000
2022-07-18,490,353380.000000
2022-08-22,490,328738.000000
2022-06-14,490,401223.000000
2022-09-25,490,239694.000000
2023-05-28,491,480.060000
2023-06-05,492,11713.000000
2021-12-17,491,286.280000
2021-10-28,493,213.420000
2022-10-12,492,8770.000000
2023-03-14,492,14100.000000
2023-06-08,494,1700.000000
2022-03-30,493,863.740000
2022-10-23,495,25.080000
2023-03-20,491,227.020000
2023-05-20,490,496964.000000
2022-06-07,493,513.360000
2021-12-02,493,339.060000
2022-02-08,492,11775.000000
2022-04-18,492,25855.000000
2021-12-17,494,800.000000
2021-12-19,490,280315.000000
2022-12-24,492,11605.000000
2023-02-18,492,22280.000000
2023-05-14,494,300.000000
2023-05-17,493,923.940000
2022-02-26,490,363775.000000
2021-09-08,492,4385.000000
2021-09-19,495,49.100000
2021-09-28,491,107.280000
2021-12-06,491,291.380000
2022-01-31,491,222.380000
2021-11-07,493,840.560000
2022-09-09,493,1148.800000
2022-12-27,494,500.000000
2023-04-19,493,1111.620000
2022-04-09,493,939.640000
2022-04-10,491,99.040000
2022-07-24,492,4680.000000
2022-10-06,490,345974.000000
2022-11-03,490,464630.000000
2022-11-29,494,200.000000
2022-08-11,490,400720.000000
2022-06-03,490,297292.000000
2022-05-06,490,30530.000000
2022-10-16,492,7250.000000
2022-03-26,490,451661.000000
2023-05-09,495,49.420000
2023-05-26,492,11610.000000
2023-05-29,494,5150.000000
2023-06-06,495,130.440000
2022-04-21,494,900.000000
2022-05-16,492,15480.000000
2022-05-19,494,1600.000000
2022-06-26,492,12900.000000
2022-07-27,494,1000.000000
2022-09-18,492,5400.000000
2022-12-15,493,1310.280000
2023-02-09,493,713.560000
2023-02-23,491,197.700000
2023-03-21,490,264347.000000
2023-05-18,491,35.140000
2022-02-11,494,200.000000
2022-02-12,493,296.880000
2022-09-23,491,140.480000
2023-03-06,494,1900.000000
2023-04-28,492,3560.000000
2022-06-29,494,200.000000
2022-07-02,493,935.440000
2023-01-11,490,307241.000000
2023-06-13,490,372440.000000
2022-01-25,490,544866.000000
2022-01-26,490,444879.000000
2022-02-22,494,4900.000000
2022-07-21,491,168.760000
2022-10-09,494,200.000000
2022-12-22,492,14320.000000
2023-03-25,490,336588.000000
2023-04-05,494,1160.000000
2023-05-15,491,81.360000
2022-03-01,490,247304.000000
2021-09-04,492,1760.000000
2021-09-04,493,639.610000
2021-10-08,493,517.080000
2021-10-14,491,117.100000
2021-10-15,490,184550.000000
2021-12-04,491,77.260000
2021-12-05,492,26905.000000
2021-12-22,491,171.200000
2021-12-23,490,314960.000000
2022-01-02,494,200.000000
2022-01-03,494,200.000000
2021-11-18,491,319.420000
2021-11-18,490,274999.000000
2022-09-11,490,231623.000000
2023-03-01,492,230.000000
2023-03-18,493,1105.380000
2022-08-19,494,800.000000
2022-09-12,490,186551.000000
2022-12-17,494,1040.000000
2023-01-08,493,1145.000000
2023-01-09,493,973.600000
2023-01-09,492,16660.000000
2023-02-12,493,1058.620000
2022-08-08,490,206146.000000
2022-07-05,490,252494.000000
2022-10-16,490,229199.000000
2022-03-29,494,700.000000
2022-02-06,494,940.000000
2022-11-19,490,431973.000000
2022-03-17,492,24810.000000
2022-02-11,492,8320.000000
2022-02-12,492,8465.000000
2023-06-02,490,420192.000000
2022-04-20,493,833.840000
2022-04-21,493,1141.220000
2022-04-21,492,8020.000000
2022-05-25,493,297.380000
2022-05-25,492,1820.000000
2022-06-06,495,94.680000
2022-08-24,491,388.120000
2022-11-01,492,12140.000000
2022-11-01,493,1110.670000
2022-11-01,491,108.890000
2023-04-10,491,75.620000
2022-09-28,492,8750.000000
2022-09-28,491,92.940000
2022-11-13,494,1262.000000
2023-05-26,494,3550.000000
2021-11-29,494,500.000000
2022-02-11,491,129.060000
2022-03-17,493,420.860000
2022-12-05,493,463.220000
2022-12-06,492,10880.000000
2023-04-28,490,339664.000000
2022-07-05,491,165.860000
2023-01-15,491,145.100000
2022-04-13,493,941.820000
2021-10-26,494,800.000000
2023-01-20,494,2200.000000
2023-05-15,492,8150.000000
2023-05-14,491,356.600000
2023-06-09,490,350428.000000
2021-09-10,491,51.100000
2021-10-15,491,38.440000
2021-12-22,490,379790.000000
2021-12-22,493,751.560000
2022-01-08,492,8522.000000
2022-02-03,493,933.540000
2022-03-09,493,481.260000
2022-11-27,490,275409.000000
2023-05-20,495,236.600000
2022-02-14,494,2100.000000
2022-11-02,492,18880.000000
2022-09-19,490,339113.000000
2022-10-24,493,354.890000
2022-03-18,492,5720.000000
2022-04-27,491,230.480000
2022-06-28,493,228.120000
2022-08-25,492,17290.000000
2022-09-20,491,344.080000
2022-11-12,494,1808.000000
2023-05-06,490,328719.000000
2023-05-07,491,213.960000
2022-11-09,492,9350.000000
2022-06-11,493,845.140000
2022-06-12,493,638.460000
2022-04-15,494,700.000000
2021-10-26,492,19230.000000
2022-07-21,490,319687.000000
2022-10-10,494,950.000000
2022-11-18,492,7416.000000
2022-12-23,493,942.200000
2023-02-17,491,89.260000
2021-09-05,493,489.710000
2021-09-21,493,507.880000
2021-10-31,491,290.000000
2021-11-01,490,246403.000000
2021-12-22,492,12705.000000
2022-01-08,490,392240.000000
2022-01-09,490,362232.000000
2022-01-09,491,231.620000
2022-01-20,494,2200.000000
2022-01-24,493,594.160000
2022-01-25,491,269.700000
2021-11-11,494,600.000000
2022-08-02,494,200.000000
2022-09-10,492,3950.000000
2021-09-24,492,5620.000000
2021-10-08,490,145477.000000
2021-10-12,490,227330.000000
2022-06-15,490,405790.000000
2022-05-28,492,10360.000000
2022-01-14,493,301.020000
2022-01-15,491,319.100000
2022-01-18,493,798.560000
2022-08-12,494,700.000000
2022-09-30,492,8350.000000
2022-12-30,490,327747.000000
2022-02-10,490,492960.000000
2022-04-11,490,435095.000000
2022-01-10,492,13966.000000
2022-01-27,492,20760.000000
2023-04-07,493,1000.980000
2023-04-17,490,397840.000000
2023-04-19,494,200.000000
2022-06-05,493,373.060000
2022-05-24,491,139.900000
2022-02-01,491,524.080000
2021-12-05,494,700.000000
2022-08-27,490,410702.000000
2022-09-21,493,815.340000
2022-09-22,491,273.720000
2022-10-17,492,5380.000000
2022-02-27,490,450276.000000
2022-08-10,490,362747.000000
2023-04-15,494,449.000000
2023-05-04,490,318702.000000
2023-06-11,492,16110.000000
2022-10-09,491,97.610000
2022-12-23,495,95.800000
2023-02-19,492,10080.000000
2023-06-07,492,2990.000000
2021-09-29,491,74.570000
2021-09-12,491,213.120000
2021-09-15,493,730.840000
2022-04-22,494,700.000000
2022-05-19,493,199.380000
2022-05-20,491,43.460000
2022-07-26,494,1000.000000
2022-12-15,494,1700.000000
2023-01-24,493,1047.320000
2023-01-25,491,206.300000
2023-02-10,493,1273.380000
2022-10-08,493,918.220000
2022-11-28,494,600.000000
2023-05-30,491,351.080000
2023-02-02,492,18630.000000
2022-12-13,490,401176.000000
2023-06-16,491,61.980000
2022-04-25,493,860.020000
2022-05-27,491,45.960000
2022-04-19,494,600.000000
2022-01-29,491,384.260000
2021-10-20,493,281.140000
2022-07-27,490,199214.000000
2023-02-07,493,718.800000
2023-02-24,493,1185.920000
2022-01-21,490,529885.000000
2022-02-24,490,452142.000000
2022-02-07,490,422415.000000
2022-08-13,490,584127.000000
2022-08-30,490,433478.000000
2022-07-10,490,35100.000000
2023-05-02,491,323.180000
2023-04-24,490,292100.000000
2023-06-05,491,489.460000
2022-02-24,492,21485.000000
2022-03-30,492,14670.000000
2021-11-23,493,560.760000
2021-09-03,495,108.110000
2021-09-07,490,116791.000000
2022-11-13,491,82.480000
2022-11-30,491,200.040000
2023-02-16,492,17790.000000
2023-03-05,492,7610.000000
2023-04-15,491,40.060000
2023-05-28,490,413718.000000
2023-06-14,492,9015.000000
2022-06-13,491,137.640000
2022-04-16,492,14024.000000
2022-08-30,492,7950.000000
2023-01-21,493,476.800000
2021-10-14,494,160.000000
2021-11-06,493,662.660000
2021-11-15,492,8510.000000
2023-01-30,492,8750.000000
2023-05-11,490,491319.000000
2023-06-17,494,250.000000
2022-04-02,494,3440.000000
2022-02-15,491,81.300000
2022-09-16,492,6480.000000
2022-03-13,492,12289.000000
2022-03-16,494,200.000000
2022-10-27,491,124.940000
2023-05-31,494,4990.000000
2022-05-29,493,455.200000
2022-08-15,494,656.000000
2023-04-07,490,393865.000000
2022-01-17,490,233690.000000
2022-02-03,492,18530.000000
2022-02-20,492,16040.000000
2023-06-09,491,155.340000
2023-06-10,492,12520.000000
2021-09-07,495,21.950000
2021-09-19,491,126.920000
2021-10-06,491,357.240000
2022-01-08,491,198.780000
2022-01-17,493,463.700000
2022-01-19,494,500.000000
2022-04-04,493,1022.020000
2022-10-07,492,8620.000000
2022-09-03,490,61796.000000
2022-10-15,490,289161.000000
2022-11-01,490,176025.000000
2022-03-01,493,970.660000
2022-11-19,493,1002.260000
2023-01-17,493,660.620000
2023-02-23,495,96.880000
2023-06-01,490,346479.000000
2022-08-25,491,264.760000
2022-09-20,492,7180.000000
2023-04-11,491,124.880000
2022-06-05,495,92.840000
2021-09-02,491,94.120000
2022-03-18,493,265.720000
2022-08-08,491,125.560000
2022-12-05,492,11780.000000
2022-12-06,493,811.020000
2022-04-13,492,9030.000000
2022-04-18,491,95.140000
2022-02-21,490,393884.000000
2022-12-23,490,438665.000000
2023-02-18,491,179.400000
2021-09-22,493,512.730000
2021-09-30,494,2200.000000
2022-01-08,493,473.200000
2022-01-25,493,802.400000
2021-11-26,490,386400.000000
2021-11-26,493,435.740000
2021-11-27,491,206.280000
2021-11-17,491,246.580000
2022-07-30,492,25650.000000
2022-11-26,493,585.420000
2022-11-27,491,87.500000
2023-01-29,494,750.000000
2023-04-19,492,990.000000
2022-04-04,490,174934.000000
2022-04-01,491,92.680000
2022-07-24,493,199.560000
2023-01-26,492,18029.000000
2023-02-27,490,244280.000000
2022-10-25,490,169631.000000
2022-05-26,493,310.820000
2022-10-15,493,779.250000
2023-04-27,490,265951.000000
2022-05-28,494,800.000000
2022-09-28,493,1532.030000
2023-02-15,494,1500.000000
2022-12-06,490,272022.000000
2023-02-01,491,289.560000
2022-08-16,492,7570.000000
2021-12-26,492,8290.000000
2022-04-24,494,920.000000
2022-04-30,492,2100.000000
2022-05-17,492,1460.000000
2022-03-25,494,1600.000000
2022-01-29,493,796.080000
2022-04-16,490,351834.000000
2022-10-10,491,46.010000
2023-01-20,491,138.660000
2023-02-18,494,1900.000000
2023-03-13,493,1002.640000
2022-06-06,490,444315.000000
2022-03-30,490,658912.000000
2021-12-04,494,1600.000000
2021-12-10,493,454.220000
2022-06-23,490,74133.000000
2022-03-13,490,183358.000000
2022-05-20,490,423448.000000
2022-01-04,490,271037.000000
2023-03-29,491,211.200000
2023-03-30,493,985.480000
2023-04-16,493,1260.900000
2023-06-14,490,365876.000000
2021-10-02,491,116.900000
2021-10-19,491,118.500000
2021-12-26,491,37.180000
2021-12-27,493,750.020000
2022-01-13,493,1112.760000
2022-01-30,493,340.880000
2021-10-03,493,374.880000
2021-11-17,494,200.000000
2021-09-15,491,136.920000
2022-10-20,492,12918.000000
2023-05-20,493,811.200000
2022-07-27,492,11310.000000
2022-12-17,491,315.720000
2023-01-03,491,203.320000
2023-06-06,493,1030.820000
2022-04-08,493,500.400000
2022-03-22,493,465.200000
2022-02-16,493,717.040000
2023-02-01,494,2300.000000
2023-03-07,494,2200.000000
2023-03-24,494,3310.000000
2022-08-13,492,8310.000000
2022-10-03,492,4300.000000
2022-07-05,495,47.920000
2022-12-12,494,763.000000
2023-01-15,494,1400.000000
2022-01-04,492,26405.000000
2022-03-25,495,43.760000
2022-03-29,492,10710.000000
2022-06-24,490,15593.000000
2022-06-06,492,12035.000000
2022-11-24,490,426525.000000
2022-01-23,490,379432.000000
2022-09-15,490,271631.000000
2021-11-14,490,316809.000000
2022-07-08,490,368291.000000
2022-01-22,490,368168.000000
2023-04-10,494,3150.000000
2022-01-07,494,200.000000
2022-01-10,491,333.660000
2021-12-12,493,578.780000
2021-10-30,494,500.000000
2022-08-05,493,93.180000
2022-08-28,492,3500.000000
2023-02-15,490,400908.000000
2023-03-29,493,677.480000
2023-03-15,493,1180.200000
2021-10-04,493,394.740000
2021-10-13,492,9060.000000
2021-12-27,491,174.420000
2022-01-15,495,87.060000
2022-03-20,491,151.820000
2022-03-20,493,586.880000
2022-11-05,492,2320.000000
2022-11-06,492,4840.000000
2022-11-08,494,200.000000
2023-04-13,491,221.620000
2022-03-17,494,900.000000
2022-10-28,491,130.670000
2022-10-29,491,132.230000
2023-01-05,493,1592.500000
2023-04-25,490,295425.000000
2022-05-28,493,284.920000
2023-01-17,494,1720.000000
2022-08-17,494,500.000000
2023-01-14,492,7320.000000
2022-05-22,492,14120.000000
2022-01-05,494,1000.000000
2022-06-30,493,1249.820000
2022-09-25,491,46.180000
2022-10-18,492,6030.000000
2023-03-06,490,438371.000000
2022-04-14,490,292654.000000
2021-10-26,490,577467.000000
2021-10-09,490,274390.000000
2021-11-12,490,343120.000000
2023-06-08,493,1266.300000
2022-02-18,493,517.260000
2021-12-16,492,13950.000000
2022-07-17,493,243.180000
2022-10-12,491,118.820000
2022-11-10,494,1020.000000
2021-09-10,492,7330.000000
2021-09-18,493,726.500000
2021-09-27,492,6250.000000
2021-09-30,491,366.410000
2021-10-17,491,196.640000
2021-12-19,494,840.000000
2022-01-02,492,4650.000000
2022-01-11,493,999.660000
2022-01-28,493,371.420000
2022-01-31,495,84.640000
2022-09-08,491,343.560000
2022-11-25,490,400009.000000
2023-03-02,490,226237.000000
2021-11-29,492,13608.000000
2022-02-14,493,402.360000
2022-07-21,493,35.180000
2022-11-04,492,6500.000000
2022-11-27,494,200.000000
2023-02-25,491,301.800000
2023-01-23,495,96.100000
2022-05-30,491,121.680000
2022-10-26,493,853.510000
2023-02-04,491,338.000000
2023-02-21,491,47.560000
2023-01-15,492,10390.000000
2022-02-13,494,1000.000000
2022-06-24,492,200.000000
2022-07-09,492,700.000000
2022-11-29,491,236.700000
2022-12-18,491,191.860000
2023-01-26,490,451991.000000
2022-05-19,490,433877.000000
2022-05-21,490,332395.000000
2022-05-23,490,475177.000000
2022-01-18,490,373913.000000
2023-05-27,490,359562.000000
2023-06-11,490,482139.000000
2022-02-21,492,19750.000000
2022-04-24,493,1087.020000
2022-04-26,493,961.780000
2021-11-20,493,979.100000
2021-11-22,493,263.700000
2021-11-23,491,111.540000
2021-11-24,493,777.900000
2021-11-25,491,131.860000
2021-09-06,495,49.080000
2022-10-16,495,22.310000
2022-10-19,494,750.000000
2022-12-01,491,210.580000
2023-05-04,493,379.540000
2023-05-05,491,131.580000
2023-02-19,494,1950.000000
2021-09-28,494,250.000000
2021-11-05,493,182.980000
2021-11-06,491,170.400000
2022-01-25,494,700.000000
2021-11-08,491,42.960000
2022-03-10,492,15193.000000
2021-09-09,494,200.000000
2022-07-31,491,92.240000
2022-10-21,494,1150.000000
2022-11-24,492,10020.000000
2022-11-26,492,8650.000000
2023-05-20,491,292.800000
2022-03-25,493,727.300000
2022-07-26,492,6050.000000
2022-12-16,491,96.300000
2023-01-01,493,956.980000
2023-01-02,491,523.240000
2023-03-23,494,2800.000000
2023-04-30,493,757.980000
2021-12-25,492,9830.000000
2022-05-10,490,33073.000000
2022-01-31,494,3700.000000
2021-11-12,491,115.800000
2021-10-23,492,13740.000000
2022-07-26,493,239.300000
2022-10-15,494,250.000000
2022-10-30,490,243388.000000
2022-11-21,493,961.520000
2021-12-08,490,288611.000000
2021-11-04,490,173715.000000
2023-05-25,494,1600.000000
2021-11-20,492,8550.000000
2021-12-28,494,1200.000000
2021-10-14,493,656.940000
2021-09-30,490,440831.000000
2022-11-30,492,12780.000000
2023-01-09,491,151.760000
2022-01-28,492,12490.000000
2023-06-11,491,375.360000
2022-02-23,493,823.600000
2022-03-16,493,815.940000
2021-09-23,493,570.580000
2021-09-02,490,33970.000000
2022-09-22,492,3359.000000
2023-02-04,490,410060.000000
2022-01-19,493,644.340000
2021-09-19,492,5978.000000
2022-09-05,495,90.160000
2022-10-04,491,100.240000
2022-11-18,494,1140.000000
2023-03-19,491,328.620000
2022-08-30,491,163.660000
2022-01-05,495,45.340000
2021-11-23,494,500.000000
2023-03-30,494,2100.000000
2022-06-17,492,4900.000000
2023-01-30,491,239.260000
2022-08-16,493,581.100000
2023-04-01,490,144151.000000
2023-05-13,493,622.560000
2021-09-29,490,292185.000000
2021-10-07,493,370.030000
2023-04-06,494,1950.000000
2022-06-10,492,6100.000000
2021-12-15,493,1098.260000
2021-10-27,494,300.000000
2023-02-19,490,420609.000000
2023-02-19,491,46.780000
2023-03-26,490,271963.000000
2022-03-16,491,131.200000
2022-05-16,490,390443.000000
2022-08-09,490,401002.000000
2023-04-29,490,327118.000000
2022-05-24,493,174.500000
2022-01-07,491,173.000000
2021-09-03,493,803.200000
2023-05-27,495,133.360000
2023-06-11,493,909.920000
2021-11-28,492,5031.000000
2021-11-10,493,435.920000
2022-08-01,493,375.280000
2023-03-02,494,2000.000000
2023-06-17,491,24.410000
2022-05-07,492,2500.000000
2022-06-27,493,330.560000
2022-06-01,490,96532.000000
2022-10-31,491,94.390000
2023-01-25,492,15990.000000
2022-08-20,494,1200.000000
2023-02-11,493,1308.760000
2023-05-10,494,600.000000
2022-09-29,492,9660.000000
2021-09-28,492,9860.000000
2022-04-28,493,675.840000
2022-04-28,492,3951.000000
2021-12-24,493,710.520000
2021-12-24,492,11920.000000
2022-07-09,494,520.000000
2022-09-04,490,137816.000000
2022-10-25,492,7400.000000
2022-12-07,494,600.000000
2022-12-30,492,16350.000000
2023-01-16,493,1061.760000
2023-01-17,491,100.040000
2022-06-11,490,453775.000000
2021-11-11,490,221010.000000
2022-10-08,492,11570.000000
2023-05-19,494,2270.000000
2022-02-18,491,167.500000
2022-08-08,493,232.040000
2023-01-07,490,308290.000000
2023-02-02,493,984.760000
2023-06-08,491,254.520000
2022-01-10,493,508.940000
2021-12-09,494,2100.000000
2021-12-12,491,208.620000
2022-06-30,495,48.780000
2022-12-27,495,46.940000
2022-08-18,490,313148.000000
2023-05-08,490,336557.000000
2023-05-25,490,454017.000000
2021-10-15,493,329.200000
2021-12-29,491,307.320000
2022-01-30,495,45.200000
2023-03-17,491,147.100000
2023-05-22,491,558.520000
2022-05-15,493,135.820000
2022-09-18,491,81.480000
2023-04-11,493,1598.920000
2023-06-05,494,300.000000
2022-04-11,492,28540.000000
2022-09-13,493,627.300000
2022-09-15,494,500.000000
2022-02-05,493,618.820000
2022-02-25,495,83.760000
2022-03-16,492,18320.000000
2022-01-10,490,506751.000000
2021-11-16,491,317.400000
2021-09-02,492,2350.000000
2022-12-04,492,6200.000000
2023-02-02,490,280150.000000
2021-10-16,490,208014.000000
2022-04-02,493,1666.040000
2022-04-02,491,86.820000
2021-09-19,493,469.110000
2022-07-07,490,397262.000000
2022-09-30,490,542024.000000
2022-11-20,492,9440.000000
2022-10-14,490,416191.000000
2022-06-10,493,819.260000
2022-10-11,494,1100.000000
2022-12-21,493,1308.900000
2022-12-22,491,144.180000
2023-03-16,493,1167.520000
2022-05-24,492,14191.000000
2022-08-04,494,1600.000000
2023-02-28,493,43.060000
2022-07-23,490,215969.000000
2023-04-12,490,417662.000000
2022-01-23,491,447.520000
2022-01-24,491,111.700000
2021-11-28,493,240.680000
2022-10-14,491,356.830000
2023-01-02,494,1400.000000
2023-04-12,491,173.540000
2022-09-12,492,3360.000000
2022-08-18,493,1203.880000
2022-02-19,490,389375.000000
2022-02-04,494,400.000000
2022-03-18,494,1900.000000
2022-03-19,493,458.860000
2022-12-06,494,1000.000000
2023-02-02,491,183.960000
2023-02-03,491,190.980000
2023-03-25,492,15500.000000
2022-04-29,490,308967.000000
2022-01-18,492,10755.000000
2022-06-10,490,315050.000000
2022-06-11,491,180.700000
2022-04-14,494,2300.000000
2021-12-12,490,260158.000000
2022-10-09,492,8780.000000
2022-12-21,490,407843.000000
2022-12-22,490,383313.000000
2021-10-17,490,308263.000000
2022-04-02,490,202009.000000
2022-04-03,491,85.900000
2021-10-02,494,550.000000
2021-09-20,491,226.690000
2023-03-02,493,244.360000
2023-06-17,492,2860.000000
2022-04-04,491,39.600000
2022-04-03,493,907.820000
2022-07-22,490,245334.000000
2022-07-22,491,49.020000
2023-01-27,492,15400.000000
2023-02-12,492,15440.000000
2022-05-14,490,400484.000000
2022-09-28,490,443953.000000
2022-03-18,490,399284.000000
2023-04-11,490,424016.000000
2023-05-09,493,645.200000
2023-05-09,494,2140.000000
2023-05-08,494,2650.000000
2022-05-08,492,1300.000000
2022-05-09,492,700.000000
2022-05-14,491,223.440000
2022-05-25,494,1020.000000
2022-02-28,492,5390.000000
2022-10-15,491,215.650000
2022-10-16,491,149.790000
2023-01-04,494,1000.000000
2023-04-10,490,226920.000000
2022-03-30,494,900.000000
2022-02-05,494,400.000000
2022-10-26,494,580.000000
2022-10-27,494,660.000000
2022-11-19,492,5590.000000
2022-12-07,490,284257.000000
2023-06-01,492,11245.000000
2022-08-07,491,131.260000
2021-11-29,493,549.900000
2023-04-28,491,271.860000
2022-08-18,494,1120.000000
2022-09-29,491,276.240000
2022-02-21,491,170.040000
2022-03-10,491,159.400000
2022-08-11,493,193.980000
2023-01-05,491,101.220000
2021-09-18,490,313416.000000
2023-03-26,494,700.000000
2021-09-08,494,900.000000
2021-10-01,492,6870.000000
2021-10-18,492,4460.000000
2021-11-04,492,7330.000000
2021-12-25,493,688.080000
2022-01-23,495,90.560000
2021-11-21,493,653.680000
2021-11-21,492,7740.000000
2022-07-29,492,5000.000000
2023-03-15,492,14480.000000
2023-04-18,493,1322.540000
2023-04-18,492,4450.000000
2022-04-18,490,405997.000000
2022-06-21,492,150.000000
2021-09-29,494,250.000000
2022-07-06,494,2230.000000
2022-07-08,492,940.000000
2022-07-25,493,342.320000
2022-07-25,492,6150.000000
2022-11-28,491,138.660000
2023-02-26,490,383351.000000
2022-06-04,490,339640.000000
2022-05-05,490,113233.000000
2022-06-08,490,200680.000000
2023-04-14,493,1612.740000
2022-04-13,491,89.880000
2022-04-29,494,1000.000000
2023-01-01,491,466.200000
2023-01-23,490,308346.000000
2023-02-09,490,390418.000000
2023-03-11,492,10620.000000
2023-06-04,493,1182.580000
2021-12-08,493,316.800000
2022-09-01,493,586.320000
2023-01-19,490,353162.000000
2023-02-20,494,2500.000000
2023-03-09,494,1700.000000
2023-05-18,492,11270.000000
2023-05-18,493,469.300000
2023-06-03,495,96.530000
2022-07-02,494,200.000000
2022-08-28,493,969.300000
2022-10-17,495,22.310000
2023-02-16,494,2060.000000
2023-05-17,495,98.940000
2023-04-01,492,9110.000000
2022-04-26,491,47.640000
2022-05-01,490,34500.000000
2022-05-18,490,382077.000000
2022-05-22,490,451364.000000
2022-05-26,490,401770.000000
2021-11-08,492,8080.000000
2021-10-22,492,5460.000000
2022-06-25,492,9200.000000
2022-08-24,493,442.040000
2023-02-26,492,5000.000000
2023-03-22,494,500.000000
2023-04-08,494,2930.000000
2023-05-01,493,45.140000
2023-05-22,493,1092.400000
2023-06-07,495,236.000000
2021-10-14,492,7350.000000
2021-10-01,490,237864.000000
2022-07-16,492,1330.000000
2022-07-19,494,500.000000
2022-09-14,493,377.360000
2023-01-10,490,346061.000000
2023-01-27,490,319113.000000
2022-06-08,492,22140.000000
2022-01-06,495,229.380000
2022-01-07,493,509.660000
2022-01-10,495,90.140000
2021-12-04,493,268.720000
2023-03-05,494,500.000000
2023-05-05,493,416.040000
2021-09-14,490,568332.000000
2022-02-08,491,150.600000
2021-12-21,493,989.300000
2021-10-05,492,4250.000000
2022-12-11,491,198.740000
2023-01-18,491,116.280000
2023-03-19,492,9360.000000
2023-05-31,492,12370.000000
2022-01-14,495,46.680000
2021-11-17,493,433.180000
2022-02-25,491,125.960000
2022-12-28,491,385.140000
2023-03-02,492,13180.000000
2023-05-21,495,98.240000
2022-08-07,493,130.440000
2023-01-06,490,294466.000000
2023-04-05,492,11450.000000
2023-01-14,491,95.580000
2023-02-13,490,337428.000000
2022-06-06,494,1200.000000
2022-05-26,492,8040.000000
2022-05-26,491,70.180000
2021-10-31,492,23880.000000
2021-09-05,492,1150.000000
2022-06-29,493,984.820000
2022-06-29,492,2960.000000
2022-08-02,493,713.800000
2022-08-03,492,6760.000000
2022-09-27,493,755.280000
2022-12-24,490,328115.000000
2023-01-10,491,526.420000
2023-02-18,490,457966.000000
2023-03-06,492,27893.000000
2022-03-23,490,462691.000000
2022-07-04,490,223553.000000
2022-05-31,490,719196.000000
2021-10-14,490,358824.000000
2023-05-25,495,146.860000
2023-06-11,495,94.360000
2023-06-13,492,20447.000000
2021-10-09,492,25050.000000
2022-04-03,494,400.000000
2022-01-19,495,44.660000
2022-01-20,493,722.380000
2022-09-06,493,1048.840000
2023-03-19,493,1252.360000
2022-04-05,491,91.120000
2022-11-02,491,107.660000
2023-02-11,494,900.000000
2022-05-09,490,45924.000000
2022-08-24,492,27130.000000
2023-03-24,490,420750.000000
2021-11-12,493,875.460000
2021-12-11,492,9260.000000
2022-08-06,494,3000.000000
2022-10-18,491,237.470000
2022-12-26,493,486.220000
2023-01-29,493,1018.180000
2023-03-05,493,855.340000
2023-04-15,490,337673.000000
2022-01-29,492,10650.000000
2022-05-12,492,200.000000
2023-02-07,492,13350.000000
2022-07-03,494,400.000000
2022-01-31,492,20355.000000
2022-04-14,491,89.440000
2022-04-16,491,75.300000
2022-10-10,490,292079.000000
2022-10-12,490,237326.000000
2023-03-14,490,239721.000000
2023-03-12,490,362090.000000
2022-02-17,492,16010.000000
2022-02-17,494,1500.000000
2023-01-05,490,324793.000000
2021-09-17,490,398677.000000
2021-11-07,492,6400.000000
2021-11-24,492,11880.000000
2021-12-28,490,221096.000000
2022-09-11,494,1300.000000
2022-09-15,493,333.280000
2022-09-17,493,691.480000
2022-11-07,493,189.400000
2022-12-19,490,269605.000000
2021-12-11,490,375585.000000
2023-03-12,492,17740.000000
2021-10-04,490,200405.000000
2023-06-07,494,200.000000
2021-10-02,492,10170.000000
2022-10-02,493,433.460000
2022-10-03,491,117.260000
2022-12-09,493,1136.960000
2022-12-11,493,513.080000
2023-02-23,492,17470.000000
2023-06-02,495,135.780000
2022-04-26,494,1900.000000
2021-11-22,492,10240.000000
2022-11-13,490,330080.000000
2023-03-31,490,398946.000000
2023-05-04,492,2890.000000
2021-09-09,493,600.800000
2021-09-10,495,42.080000
2022-01-26,495,47.120000
2022-11-24,493,895.540000
2023-05-21,492,11250.000000
2022-05-13,494,500.000000
2022-05-15,494,500.000000
2023-01-03,492,16110.000000
2023-01-03,490,247746.000000
2023-02-08,492,9010.000000
2023-05-02,492,2790.000000
2022-07-05,494,700.000000
2022-04-09,492,22530.000000
2022-04-15,493,735.330000
2022-02-17,490,476830.000000
2021-10-19,490,247420.000000
2022-08-20,490,433735.000000
2022-10-10,492,7690.000000
2022-12-19,492,13995.000000
2022-08-03,490,224677.000000
2022-05-29,490,377390.000000
2022-10-29,490,388270.000000
2021-12-09,492,10760.000000
2023-05-09,491,202.380000
2021-08-31,492,21654.000000
2021-10-02,490,123030.000000
2023-06-07,490,309874.000000
2022-02-19,494,1400.000000
2022-02-22,491,146.840000
2022-02-05,491,267.340000
2021-11-16,493,584.680000
2022-09-23,492,7310.000000
2022-11-23,491,184.100000
2023-01-31,493,872.380000
2021-09-17,492,6670.000000
2022-02-02,494,2620.000000
2022-08-31,493,2035.800000
2023-01-20,490,385329.000000
2022-12-22,494,1345.000000
2023-02-17,493,1222.440000
2023-05-14,495,141.520000
2022-04-24,492,16220.000000
2021-11-24,494,1600.000000
2021-10-30,493,484.780000
2021-09-05,491,173.020000
2022-12-02,492,5650.000000
2023-03-04,491,280.200000
2023-05-06,494,600.000000
2023-05-26,491,82.160000
2023-05-23,494,700.000000
2021-12-01,491,75.800000
2022-10-22,495,49.780000
2023-05-21,490,341169.000000
2022-05-11,492,100.000000
2022-07-25,491,34.860000
2022-10-13,494,250.000000
2022-11-22,493,1121.700000
2022-04-17,493,560.860000
2022-04-01,493,609.440000
2022-03-20,490,381920.000000
2022-02-14,492,11346.000000
2022-01-22,493,670.740000
2021-12-25,490,210660.000000
2022-07-17,492,3010.000000
2022-07-19,492,6940.000000
2022-12-19,494,1920.000000
2022-12-21,494,960.000000
2023-02-26,494,2000.000000
2022-05-28,490,419568.000000
2022-05-13,490,284041.000000
2022-03-06,490,193365.000000
2023-05-10,493,274.540000
2023-05-11,493,680.500000
2022-05-12,490,38981.000000
2023-06-05,490,272196.000000
2022-02-07,493,513.060000
2021-11-14,491,291.140000
2021-11-14,493,88.740000
2021-11-15,491,42.720000
2022-09-24,492,4755.000000
2022-12-05,494,700.000000
2022-02-03,494,2600.000000
2021-11-30,493,773.960000
2021-09-19,494,200.000000
2022-09-30,491,338.040000
2022-12-08,491,166.640000
2022-12-10,491,140.460000
2022-07-18,492,250.000000
2022-10-12,494,350.000000
2022-12-24,491,263.280000
2023-03-14,494,750.000000
2021-09-03,494,200.000000
2021-09-06,491,299.630000
2021-09-07,491,133.200000
2021-09-07,493,583.650000
2021-09-08,491,381.010000
2022-09-26,492,2320.000000
2023-02-16,491,182.460000
2022-07-03,492,10550.000000
2023-05-07,494,50.000000
2021-09-22,491,95.290000
2021-11-13,493,588.860000
2021-11-30,491,211.120000
2022-03-04,490,17600.000000
2023-03-03,491,40.260000
2022-05-10,492,300.000000
2022-04-16,493,586.630000
2022-04-17,491,173.480000
2022-02-15,492,23765.000000
2022-02-18,494,1100.000000
2022-01-23,493,868.700000
2021-12-26,490,232751.000000
2021-10-18,490,239765.000000
2022-07-15,495,120.810000
2022-09-16,491,104.800000
2022-12-17,492,8438.000000
2022-12-20,494,3960.000000
2023-02-25,492,15900.000000
2022-05-27,490,342270.000000
2022-08-04,490,286833.000000
2022-08-05,490,277544.000000
2022-10-27,490,418076.000000
2022-10-13,490,351930.000000
2023-03-28,490,398966.000000
2021-09-20,493,358.380000
2021-09-21,491,183.740000
2022-09-01,490,247789.000000
2022-09-30,493,843.320000
2022-10-25,494,420.000000
2023-01-19,493,780.080000
2021-11-10,492,15865.000000
2021-11-28,490,447093.000000
2022-11-09,490,418952.000000
2021-12-07,492,5100.000000
2023-06-02,492,7575.000000
2022-05-23,492,16120.000000
2022-01-09,493,772.120000
2022-08-03,494,300.000000
2022-11-11,493,1455.360000
2023-05-24,493,907.360000
2023-06-13,495,96.300000
2021-09-29,492,2270.000000
2021-11-01,493,543.220000
2021-11-02,491,118.620000
2022-01-21,494,400.000000
2022-01-29,495,90.740000
2022-07-31,492,6490.000000
2022-08-01,492,4360.000000
2022-10-20,495,68.900000
2022-11-25,491,212.440000
2023-03-01,490,55118.000000
2022-05-14,493,138.120000
2022-05-15,491,48.180000
2022-09-17,491,107.460000
2023-02-10,492,30830.000000
2023-04-12,493,1130.520000
2023-06-07,491,117.850000
2022-07-22,493,265.100000
2022-07-23,491,37.320000
2023-02-11,492,8150.000000
2023-05-09,490,287767.000000
2022-09-29,493,1056.650000
2023-02-13,494,2350.000000
2023-02-14,494,1280.000000
2022-03-24,493,698.800000
2022-03-24,492,14130.000000
2022-03-28,492,12475.000000
2022-06-16,495,47.520000
2022-03-01,494,800.000000
2022-02-05,490,231575.000000
2022-01-19,490,306715.000000
2022-08-14,491,289.100000
2022-08-31,491,276.120000
2022-10-26,490,414990.000000
2021-11-29,490,543500.000000
2022-08-19,490,320693.000000
2022-10-09,490,204109.000000
2022-11-08,492,10040.000000
2022-01-02,490,101135.000000
2021-12-16,490,364890.000000
2022-02-18,492,17650.000000
2022-03-07,492,5375.000000
2022-03-07,493,847.140000
2022-01-13,494,2300.000000
2022-09-22,490,337596.000000
2023-02-01,493,1069.400000
2022-04-27,493,1177.860000
2022-02-01,492,9560.000000
2021-12-11,491,248.780000
2022-10-16,494,550.000000
2022-09-18,490,286685.000000
2023-05-04,491,174.260000
2023-05-08,491,181.020000
2023-05-26,490,431150.000000
2023-06-12,490,346389.000000
2021-10-21,491,518.200000
2022-01-30,494,1300.000000
2021-11-07,491,105.840000
2021-11-11,491,133.020000
2022-11-25,492,14590.000000
2022-11-25,493,855.060000
2023-04-17,491,205.700000
2022-11-02,494,250.000000
2022-12-16,493,1179.140000
2022-12-16,492,10150.000000
2022-04-10,493,1008.950000
2022-11-06,494,600.000000
2022-11-29,492,10350.000000
2022-12-12,493,623.240000
2022-02-18,490,346130.000000
2022-02-22,493,1157.620000
2022-02-16,494,800.000000
2022-02-12,494,200.000000
2022-03-11,493,566.700000
2021-11-20,491,132.380000
2022-12-03,493,907.220000
2022-03-20,492,11380.000000
2022-03-28,493,600.840000
2022-03-03,492,1260.000000
2022-01-19,492,9265.000000
2021-12-20,490,274090.000000
2022-10-01,490,253356.000000
2022-10-05,490,363988.000000
2022-10-22,490,271532.000000
2022-10-24,494,100.000000
2022-11-21,492,15630.000000
2022-12-12,492,19380.000000
2022-11-08,490,250229.000000
2022-08-06,490,290093.000000
2022-01-06,490,464854.000000
2021-12-03,490,307650.000000
2022-04-14,493,795.080000
2023-04-04,491,232.580000
2023-06-08,490,356509.000000
2022-01-09,494,900.000000
2021-11-24,491,114.220000
2022-06-29,495,47.440000
2022-11-12,493,758.320000
2021-11-03,491,44.720000
2022-01-26,494,1400.000000
2021-11-28,491,162.280000
2022-08-01,491,72.920000
2022-10-20,494,650.000000
2022-12-29,492,12174.000000
2023-03-18,491,178.040000
2022-04-06,492,16600.000000
2023-06-06,494,4000.000000
2022-04-10,492,2500.000000
2022-11-29,493,1184.060000
2023-06-10,494,1700.000000
2022-08-18,491,44.000000
2023-02-14,493,1261.040000
2021-11-16,490,331632.000000
2022-04-19,493,1009.400000
2022-04-02,492,3660.000000
2022-02-14,490,556324.000000
2022-01-23,492,13582.000000
2022-07-19,491,42.260000
2022-07-24,490,183236.000000
2022-08-21,494,1300.000000
2022-08-23,490,371616.000000
2022-09-13,490,142617.000000
2022-11-03,492,7150.000000
2022-12-20,493,1020.960000
2023-01-07,493,1556.840000
2023-02-27,493,603.140000
2022-01-11,490,362873.000000
2021-12-07,490,179600.000000
2022-04-23,492,13440.000000
2022-10-18,490,236189.000000
2022-01-06,492,9815.000000
2022-05-23,493,481.700000
2022-01-04,494,800.000000
2022-08-23,491,47.560000
2022-10-13,492,7110.000000
2022-11-21,490,305413.000000
2023-04-30,490,413721.000000
2023-05-24,494,1900.000000
2023-06-03,490,234403.000000
2021-12-14,494,800.000000
2021-10-29,491,74.300000
2022-06-15,491,160.360000
2022-03-03,490,40765.000000
2022-11-20,493,421.460000
2022-12-08,492,9820.000000
2023-04-08,491,77.920000
2023-06-03,491,209.340000
2022-02-26,492,4587.000000
2022-02-09,493,790.700000
2022-03-15,493,713.560000
2021-09-25,491,667.210000
2021-09-02,493,491.760000
2022-10-30,493,722.780000
2021-12-03,491,207.060000
2023-05-02,493,234.020000
2023-05-03,491,42.100000
2021-09-26,494,400.000000
2022-08-10,492,5930.000000
2022-10-04,494,1000.000000
2022-12-11,492,20157.000000
2023-02-04,494,2900.000000
2023-02-21,494,5340.000000
2023-05-19,493,615.580000
2022-12-13,492,9030.000000
2022-02-23,492,19760.000000
2022-06-05,490,427004.000000
2021-12-07,493,692.260000
2021-12-08,491,134.514000
2021-11-21,491,204.120000
2021-09-04,495,20.810000
2022-11-30,493,1041.960000
2022-12-03,491,78.600000
2022-12-26,492,8210.000000
2023-01-13,490,261941.000000
2023-03-04,494,1800.000000
2021-12-17,490,296536.000000
2022-10-04,490,217090.000000
2022-01-03,490,501983.000000
2021-09-28,490,337689.000000
2023-04-17,493,1342.500000
2023-06-08,495,193.500000
2022-02-06,492,12510.000000
2022-07-18,491,35.100000
2022-11-16,491,47.000000
2023-05-14,490,190111.000000
2023-05-16,491,337.820000
2021-09-11,490,103040.000000
2021-10-08,492,8300.000000
2021-10-23,493,671.220000
2021-11-01,492,8650.000000
2022-01-20,495,91.400000
2021-11-09,493,634.380000
2021-11-18,492,20150.000000
2022-09-11,493,869.580000
2022-10-21,490,346097.000000
2023-04-18,491,117.700000
2022-04-08,491,145.200000
2022-04-11,493,777.330000
2022-04-07,493,555.540000
2022-10-06,494,700.000000
2022-12-17,493,836.360000
2023-01-09,490,433268.000000
2023-05-29,490,367011.000000
2022-08-25,493,696.160000
2022-09-19,494,1000.000000
2022-12-14,491,115.660000
2022-02-09,494,2060.000000
2022-10-29,495,22.420000
2023-03-08,494,1300.000000
2023-06-02,491,394.360000
2022-12-09,492,7910.000000
2022-12-31,491,143.340000
2023-06-15,490,461916.000000
2022-02-24,494,2300.000000
2022-02-28,491,71.820000
2022-02-13,491,156.820000
2022-02-11,490,429095.000000
2022-02-04,495,88.420000
2021-11-16,492,7650.000000
2021-09-23,492,7200.000000
2021-09-26,490,402117.000000
2022-09-21,494,500.000000
2022-09-22,493,790.920000
2022-09-24,493,902.820000
2023-03-08,490,333382.000000
2021-09-21,492,12320.000000
2023-03-23,490,354534.000000
2023-05-31,490,536886.000000
2022-04-22,493,506.580000
2022-04-25,491,328.920000
2021-12-01,492,10030.000000
2022-08-26,490,473225.000000
2023-01-25,493,1247.160000
2021-12-04,490,193115.000000
2021-10-11,490,228919.000000
2022-10-19,490,262717.000000
2023-03-21,494,600.000000
2023-05-22,495,145.220000
2023-05-24,495,48.820000
2022-04-03,492,11920.000000
2022-01-24,492,18350.000000
2022-07-15,493,35.860000
2023-05-11,492,10615.000000
2023-05-27,494,750.000000
2022-11-17,493,379.600000
2022-09-10,491,199.000000
2022-12-27,490,349632.000000
2022-12-29,490,327568.000000
2023-03-03,492,8120.000000
2023-03-18,492,2650.000000
2022-07-01,491,204.620000
2022-12-02,493,883.740000
2023-06-13,494,3700.000000
2022-07-03,491,242.720000
2023-05-13,492,4930.000000
2022-02-20,490,347560.000000
2022-03-09,490,350877.000000
2022-03-09,492,13200.000000
2022-01-11,494,800.000000
2021-09-12,493,646.200000
2022-09-20,490,407113.000000
2023-02-03,492,12290.000000
2023-02-03,493,904.100000
2021-12-31,490,134650.000000
2022-04-29,492,8710.000000
2022-04-29,493,1475.860000
2022-05-16,493,277.020000
2022-03-26,492,18160.000000
2021-11-09,491,232.600000
2021-11-10,490,431347.000000
2021-10-23,491,116.780000
2022-06-26,491,46.540000
2022-06-02,493,140.720000
2022-06-09,491,134.680000
2022-09-19,491,252.900000
2022-11-21,494,500.000000
2022-12-14,493,710.480000
2022-12-14,492,19135.000000
2022-08-17,490,456684.000000
2021-11-27,490,452337.000000
2021-12-14,490,463692.000000
2022-10-07,490,247241.000000
2022-10-24,490,81641.000000
2022-02-03,490,270150.000000
2023-05-01,494,1050.000000
2023-05-23,491,430.220000
2023-05-24,490,365240.000000
2023-06-04,494,550.000000
2022-04-06,494,700.000000
2022-04-12,492,16456.000000
2022-04-12,493,1034.180000
2022-03-20,494,2100.000000
2021-12-30,491,95.360000
2022-09-14,494,1600.000000
2022-11-04,494,200.000000
2022-11-27,492,9770.000000
2022-11-27,493,1045.280000
2023-02-10,491,296.780000
2022-07-31,490,460187.000000
2023-05-07,490,294663.000000
2023-06-10,490,397489.000000
2022-11-10,492,12130.000000
2023-02-20,493,845.720000
2023-05-18,494,3660.000000
2021-12-31,492,6380.000000
2022-01-16,491,294.860000
2022-01-17,492,5465.000000
2022-01-28,494,500.000000
2021-11-26,491,171.040000
2022-09-02,491,156.520000
2022-10-01,494,800.000000
2022-10-24,492,5450.000000
2022-12-31,493,1846.020000
2023-01-17,492,11780.000000
2023-04-20,490,419155.000000
2022-10-18,494,350.000000
2023-05-06,491,49.340000
2022-08-16,491,129.520000
2023-04-02,491,300.960000
2021-09-13,492,13650.000000
2021-09-19,490,309687.000000
2021-09-30,492,8500.000000
2021-10-06,490,84664.000000
2022-03-27,492,27400.000000
2023-05-11,491,115.860000
2023-05-30,495,184.480000
2023-06-06,490,352177.000000
2022-02-06,493,407.820000
2022-02-06,491,430.760000
2022-02-07,491,319.880000
2021-11-29,491,209.200000
2022-02-26,495,45.520000
2022-02-12,495,43.700000
2021-11-15,493,619.420000
2021-09-12,495,49.400000
2021-09-15,492,9050.000000
2022-12-03,492,4700.000000
2022-12-08,493,563.400000
2023-04-26,493,70.700000
2021-10-03,490,153058.000000
2022-04-28,494,2300.000000
2022-12-09,491,148.720000
2023-05-19,492,8790.000000
2023-05-16,495,90.920000
2022-04-25,492,3050.000000
2022-04-26,492,14774.000000
2021-12-11,494,700.000000
2021-09-06,493,999.330000
2022-09-25,492,5000.000000
2022-09-27,494,560.000000
2023-02-15,493,1685.440000
2023-02-16,493,1081.520000
2023-03-29,490,255252.000000
2023-05-05,492,5700.000000
2021-09-13,495,113.170000
2021-11-26,494,560.000000
2022-03-05,490,24852.000000
2023-03-02,491,457.280000
2023-05-21,494,2900.000000
2023-05-22,494,4050.000000
2022-09-28,494,200.000000
2022-11-16,490,350669.000000
2023-02-18,493,1268.420000
2023-03-15,490,345480.000000
2023-06-08,492,17900.000000
2021-10-22,490,395035.000000
2022-03-22,494,1600.000000
2021-12-08,492,4550.000000
2022-02-04,491,235.960000
2022-01-15,492,12080.000000
2022-01-18,491,249.380000
2022-07-08,493,95.000000
2022-10-01,493,760.180000
2022-10-22,493,716.360000
2023-01-19,492,19840.000000
2023-02-05,492,20260.000000
2023-02-22,492,15330.000000
2021-11-25,490,393672.000000
2022-11-12,490,414733.000000
2022-08-02,490,293174.000000
2021-11-08,490,321684.000000
2021-12-12,492,8130.000000
2022-02-13,495,40.960000
2022-05-18,493,285.720000
2022-05-21,491,48.460000
2022-08-09,494,300.000000
2022-12-03,490,198633.000000
2022-04-08,494,1100.000000
2021-12-29,492,7520.000000
2022-11-08,493,868.620000
2022-06-07,491,85.900000
2022-04-25,494,600.000000
2022-08-26,494,1500.000000
2022-10-18,493,836.220000
2023-04-16,494,2361.000000
2023-05-05,490,380903.000000
2023-05-22,490,315773.000000
2023-05-25,491,133.000000
2021-09-10,493,778.620000
2021-09-14,492,4850.000000
2023-05-22,492,14000.000000
2023-01-02,490,205026.000000
2022-11-07,495,23.340000
2022-04-10,490,252748.000000
2022-04-12,494,2400.000000
2022-04-18,493,855.140000
2022-06-20,491,87.880000
2022-05-31,492,6250.000000
2022-03-24,490,416802.000000
2022-01-22,491,364.180000
2022-07-07,491,174.620000
2022-07-16,490,214649.000000
2022-07-16,495,72.930000
2022-07-20,490,399219.000000
2022-08-19,492,8840.000000
2022-08-22,494,500.000000
2022-09-12,494,500.000000
2022-10-05,493,958.520000
2022-11-29,490,387108.000000
2022-12-18,494,3800.000000
2022-12-20,490,390400.000000
2023-02-12,494,2500.000000
2022-06-12,490,377482.000000
2022-06-29,490,352973.000000
2022-03-07,490,130105.000000
2021-10-05,490,88905.000000
2023-05-12,491,163.320000
2023-06-12,493,571.820000
2022-02-20,494,3260.000000
2021-09-26,491,202.980000
2023-03-07,493,1183.900000
2023-03-24,493,1446.940000
2021-09-09,491,214.560000
2022-03-26,494,400.000000
2022-10-25,495,24.190000
2022-10-14,492,7160.000000
2023-05-18,490,268017.000000
2023-05-20,494,1400.000000
2023-06-04,490,411263.000000
2023-06-04,492,10430.000000
2021-12-15,491,128.360000
2022-04-27,492,8010.000000
2022-01-05,491,309.780000
2021-11-25,492,12852.000000
2022-08-02,492,2310.000000
2022-08-05,494,1200.000000
2023-03-03,493,1084.780000
2022-10-21,495,93.600000
2022-11-24,491,309.580000
2022-05-14,492,10920.000000
2022-09-18,493,593.680000
2022-12-16,490,405310.000000
2023-01-02,492,5249.000000
2023-01-23,492,14515.000000
2023-02-09,492,7600.000000
2023-04-10,493,1051.840000
2023-05-03,494,200.000000
2022-06-03,491,149.220000
2022-04-06,490,219045.000000
2022-07-20,492,5170.000000
2022-09-12,491,342.720000
2022-11-28,495,47.140000
2022-12-20,492,10125.000000
2023-01-26,494,3100.000000
2023-02-12,491,435.040000
2023-02-25,494,1300.000000
2022-04-27,490,294408.000000
2022-05-30,490,396156.000000
2022-08-07,490,246213.000000
2022-01-27,490,504509.000000
2022-07-03,490,199818.000000
2022-10-27,492,11605.000000
2023-04-14,490,365337.000000
2023-05-29,491,227.140000
2022-03-02,490,49500.000000
2022-02-10,493,1192.460000
2022-02-09,491,122.700000
2022-03-19,492,15535.000000
2022-10-28,494,400.000000
2022-12-07,491,344.620000
2023-01-05,494,1900.000000
2023-03-06,491,48.480000
2022-03-29,493,646.360000
2022-05-27,492,14330.000000
2022-01-18,494,700.000000
2021-10-09,491,335.680000
2022-11-20,491,45.700000
2023-03-20,493,1136.320000
2023-04-09,491,188.300000
2023-04-20,494,560.000000
2021-12-15,494,2000.000000
2021-12-16,493,444.620000
2021-10-27,493,335.760000
2022-11-17,492,6450.000000
2022-09-26,491,143.940000
2022-11-11,494,800.000000
2022-12-02,494,200.000000
2023-01-11,492,22100.000000
2023-01-28,493,952.880000
2023-03-05,491,37.840000
2023-06-14,494,1000.000000
2023-05-13,491,293.080000
2022-02-21,494,900.000000
2022-02-05,492,27020.000000
2022-03-02,493,89.800000
2022-03-11,492,4790.000000
2022-03-14,494,700.000000
2022-03-16,490,491983.000000
2022-08-10,491,46.100000
2022-09-24,494,900.000000
2022-10-29,494,250.000000
2022-10-31,490,256108.000000
2022-12-04,490,340811.000000
2023-03-26,491,118.460000
2023-06-01,494,1960.000000
2022-03-27,494,800.000000
2022-01-17,494,2200.000000
2021-12-24,491,186.440000
2021-10-08,491,201.100000
2022-07-11,490,141720.000000
2022-09-05,490,146992.000000
2022-10-26,492,9150.000000
2022-11-19,494,1500.000000
2023-02-20,491,232.700000
2021-11-24,490,387360.000000
2021-11-03,490,233860.000000
2021-12-29,490,416518.000000
2022-02-01,490,138031.000000
2022-01-06,491,259.560000
2022-06-28,491,347.380000
2022-09-26,490,318404.000000
2022-10-17,493,644.040000
2022-12-25,493,1044.820000
2023-03-12,493,1469.840000
2022-04-15,492,3200.000000
2021-12-16,491,133.220000
2022-11-16,492,6150.000000
2022-12-21,492,16060.000000
2023-05-13,490,198470.000000
2021-12-27,494,600.000000
2022-01-27,493,1026.580000
2021-09-09,495,21.780000
2023-05-21,491,165.000000
2023-06-16,490,188757.000000
2023-01-02,493,970.500000
2023-01-24,492,16110.000000
2022-04-06,493,448.540000
2022-07-06,491,172.200000
2022-09-13,491,345.220000
2023-05-11,494,2470.000000
2023-01-15,493,943.680000
2021-10-21,490,442915.000000
2022-03-23,494,1100.000000
2022-03-29,490,382975.000000
2022-01-14,492,14460.000000
2022-01-19,491,174.220000
2021-09-16,491,146.570000
2022-08-14,490,261224.000000
2022-10-04,493,1116.990000
2022-10-04,492,4871.000000
2022-10-05,491,79.240000
2022-10-22,491,132.290000
2022-12-11,494,1600.000000
2023-01-20,492,6950.000000
2023-02-06,493,1152.560000
2023-02-06,492,7250.000000
2023-02-23,493,889.520000
2021-10-25,490,389731.000000
2021-12-28,492,6130.000000
2022-03-12,490,331211.000000
2023-04-21,490,229630.000000
2022-02-23,490,515640.000000
2022-06-06,491,106.100000
2021-11-22,494,500.000000
2022-06-28,490,399030.000000
2022-11-30,490,610887.000000
2022-07-28,490,170853.000000
2023-05-25,492,8100.000000
2023-06-12,491,469.240000
2023-04-04,490,386709.000000
2021-09-11,493,760.720000
2021-09-28,493,757.440000
2022-01-31,493,836.380000
2022-06-18,493,910.080000
2021-09-11,492,350.000000
2022-10-21,493,655.150000
2022-05-15,492,14760.000000
2022-05-19,492,8730.000000
2022-06-01,493,199.100000
2022-08-25,494,2000.000000
2022-09-17,492,4240.000000
2022-12-17,490,385174.000000
2023-02-07,491,195.000000
2023-02-24,491,325.820000
2023-05-02,494,1400.000000
2022-08-08,494,300.000000
2023-03-25,493,841.440000
2023-04-28,494,1400.000000
2022-04-09,494,380.000000
2021-09-25,490,470568.000000
2022-06-14,492,18120.000000
2021-10-07,492,9190.000000
2021-10-12,491,108.580000
2023-03-09,490,426684.000000
2022-04-07,490,191572.000000
2022-04-24,490,793766.000000
2021-11-20,490,303793.000000
2022-01-28,490,492437.000000
2022-07-02,490,427063.000000
2022-11-04,490,287345.000000
2021-12-02,492,6530.000000
2023-03-21,493,902.600000
2023-04-20,493,1309.060000
2023-05-17,490,268921.000000
2021-12-07,491,128.560000
2021-09-07,492,1150.000000
2022-07-01,493,385.900000
2022-07-02,491,218.920000
2022-09-20,494,1400.000000
2022-11-15,494,1500.000000
2022-12-25,492,8170.000000
2023-01-11,493,660.220000
2023-01-12,491,907.680000
2023-01-12,490,290753.000000
2023-03-04,492,18000.000000
2022-09-09,490,313628.000000
2023-05-28,494,200.000000
2022-02-20,495,87.760000
2021-12-18,494,1500.000000
2022-11-16,493,192.400000
2022-11-17,491,43.120000
2021-10-23,494,800.000000
2021-10-24,493,278.400000
2022-02-25,494,500.000000
2022-02-26,493,322.040000
2022-09-08,493,769.660000
2022-09-09,491,173.900000
2022-04-19,492,16440.000000
2022-10-30,492,5415.000000
2023-01-23,494,3720.000000
2023-03-22,491,80.200000
2022-02-14,491,207.140000
2022-08-22,492,9050.000000
2023-05-10,495,194.980000
2022-02-09,492,16060.000000
2023-04-02,494,2800.000000
2023-06-15,493,1451.260000
2021-09-12,490,144073.000000
2021-10-20,492,6800.000000
2022-03-25,490,367185.000000
2022-01-15,490,426066.000000
2021-12-19,493,668.780000
2021-12-20,491,171.780000
2021-10-11,493,283.100000
2022-07-15,490,252348.000000
2022-09-04,492,4850.000000
2022-12-30,491,258.780000
2021-11-07,490,226896.000000
2022-11-12,492,7160.000000
2021-12-15,492,11650.000000
2023-03-20,494,1260.000000
2022-04-23,493,1179.620000
2022-04-24,491,270.080000
2022-05-07,490,101927.000000
2022-02-02,492,9760.000000
2022-02-04,490,258730.000000
2022-01-16,492,5300.000000
2021-12-24,494,700.000000
2021-09-18,491,142.050000
2022-07-07,493,744.540000
2022-09-02,490,185990.000000
2022-09-03,491,244.500000
2022-09-30,494,500.000000
2022-10-23,492,8510.000000
2022-12-09,494,1000.000000
2023-01-18,493,1146.160000
2023-02-04,493,1139.860000
2022-11-11,490,422278.000000
2022-04-13,490,419140.000000
2022-06-09,490,306538.000000
2021-11-26,492,13200.000000
2022-08-16,490,416303.000000
2023-03-10,492,12700.000000
2021-12-13,490,255135.000000
2023-06-03,494,2560.000000
2022-02-14,495,131.440000
2022-02-15,494,2900.000000
2021-10-17,493,216.900000
2022-10-06,492,9560.000000
2022-11-05,494,600.000000
2022-06-26,490,313456.000000
2023-03-27,493,1445.860000
2023-03-27,492,6800.000000
2023-04-13,493,1117.020000
2023-04-13,494,600.000000
2023-05-29,495,145.020000
2023-06-10,491,294.860000
2023-06-09,493,876.520000
2022-02-19,493,847.700000
2022-02-20,491,90.100000
2021-12-14,491,69.520000
2023-03-16,490,367589.000000
2021-11-03,493,239.100000
2021-12-07,494,560.000000
2022-01-10,494,1800.000000
2022-01-28,495,224.720000
2022-03-08,493,324.660000
2022-05-17,493,296.160000
2022-12-15,492,6930.000000
2023-01-01,492,15541.000000
2023-05-24,491,328.780000
2023-05-06,492,2300.000000
2022-06-03,492,27220.000000
2022-08-17,491,192.740000
2022-11-09,493,1273.680000
2022-03-01,492,31185.000000
2021-09-05,490,46840.000000
2021-10-05,491,198.010000
2021-10-18,493,643.620000
2021-10-31,490,593706.000000
2021-10-31,493,451.780000
2021-11-01,491,117.360000
2021-12-13,493,772.740000
2021-12-13,491,123.360000
2021-12-21,492,8920.000000
2021-11-09,492,13945.000000
2022-03-06,491,367.640000
2022-09-11,492,5902.000000
2023-03-16,491,212.300000
2023-05-23,490,219625.000000
2022-06-20,492,650.000000
2022-03-19,490,454190.000000
2022-08-19,493,194.120000
2022-04-30,490,595527.000000
2022-09-29,490,452518.000000
2022-11-10,490,384658.000000
2023-03-27,494,2650.000000
2023-03-24,492,12320.000000
2022-04-30,493,242.000000
2022-10-14,493,548.410000
2022-11-22,494,2000.000000
2023-01-03,494,3740.000000
2023-05-23,493,755.560000
2022-09-02,493,913.860000
2022-12-31,492,18160.000000
2023-01-18,490,220965.000000
2023-03-13,494,2120.000000
2022-02-20,493,739.460000
2023-01-06,491,144.740000
2023-02-01,490,256025.000000
2022-11-10,493,651.920000
2022-12-22,493,1025.940000
2022-12-23,491,67.500000
2022-07-04,492,12500.000000
2021-10-27,490,455585.000000
2021-11-13,492,5600.000000
2022-04-05,490,136036.000000
2022-06-21,490,73134.000000
2022-03-23,491,219.160000
2021-12-30,493,1018.240000
2022-07-21,492,1890.000000
2022-12-19,491,172.800000
2022-04-26,490,424992.000000
2022-06-13,490,283173.000000
2022-06-16,492,28500.000000
2023-03-11,490,499313.000000
2023-03-28,492,12925.000000
2023-05-27,493,1234.390000
2022-05-13,492,4540.000000
2022-09-19,493,529.880000
2023-01-01,490,316659.000000
2023-01-23,491,183.540000
2023-02-24,494,2920.000000
2023-04-09,493,1059.540000
2023-05-01,492,4320.000000
2023-05-04,494,1660.000000
2021-09-18,492,4300.000000
2021-09-23,490,469795.000000
2022-03-31,491,169.740000
2022-05-29,494,3060.000000
2022-02-02,493,490.340000
2022-08-11,492,5069.000000
2022-08-15,493,1080.480000
2022-12-11,490,412396.000000
2023-02-03,494,2820.000000
2023-02-05,490,365579.000000
2023-02-21,492,6960.000000
2022-06-08,491,164.860000
2022-02-01,495,45.100000
2021-12-04,492,900.000000
2021-11-25,493,475.720000
2022-09-26,495,48.380000
2022-11-15,491,45.100000
2023-03-31,494,3420.000000
2021-09-26,492,5200.000000
2021-11-04,493,618.100000
2022-01-13,491,51.240000
2023-01-31,492,6570.000000
2023-06-16,495,43.070000
2023-06-17,493,335.250000
2022-10-30,495,46.890000
2022-10-10,493,730.740000
2023-02-13,491,98.340000
2023-04-01,493,1281.480000
2022-05-09,491,43.260000
2022-01-03,493,756.900000
2022-01-30,490,410666.000000
2022-06-28,494,1900.000000
2022-07-28,494,500.000000
2022-08-25,490,510417.000000
2022-10-15,492,8980.000000
2022-11-02,490,214515.000000
2023-01-25,494,3320.000000
2022-04-09,490,370710.000000
2021-12-05,490,74657.000000
2022-06-30,490,771720.000000
2021-09-22,492,8615.000000
2021-09-27,490,350475.000000
2022-03-01,491,139.460000
2022-02-07,492,8755.000000
2021-11-30,492,11020.000000
2021-10-08,494,800.000000
2022-07-16,493,87.540000
2022-07-17,491,80.540000
2022-10-26,495,45.590000
2022-11-18,493,996.020000
2022-11-19,491,263.560000
2023-03-07,490,401760.000000
2023-06-01,491,161.020000
2021-12-05,491,287.720000
2022-09-22,494,300.000000
2022-11-30,494,1000.000000
2023-01-27,491,164.160000
2022-08-20,492,9150.000000
2022-06-07,495,96.560000
2022-06-08,493,430.680000
2022-01-06,493,883.900000
2021-12-02,491,288.440000
2021-10-30,491,229.720000
2021-09-04,491,371.570000
2022-06-30,492,8850.000000
2022-09-25,494,800.000000
2022-09-27,492,19750.000000
2022-10-17,491,237.710000
2022-12-27,491,103.960000
2023-05-26,493,1217.100000
2021-11-10,494,1500.000000
2022-09-09,492,4840.000000
2023-03-17,494,4250.000000
2021-08-31,494,400.000000
2023-06-16,493,592.520000
2022-04-22,492,12630.000000
2023-02-13,493,1267.820000
2021-11-05,492,11790.000000
2021-12-30,490,541308.000000
2021-10-17,492,6200.000000
2022-10-08,490,297630.000000
2023-02-10,490,639284.000000
2023-02-25,490,376308.000000
2022-09-06,490,104166.000000
2022-09-21,490,250764.000000
2022-09-23,490,370870.000000
2022-01-16,490,264684.000000
2022-02-19,492,12010.000000
2021-08-31,490,580358.000000
2022-03-10,493,871.640000
2022-03-11,491,73.140000
2022-03-08,492,9570.000000
2021-09-15,490,932045.000000
2022-08-10,493,48.820000
2021-10-19,492,5570.000000
2022-03-26,491,41.400000
2022-03-27,493,648.660000
2022-03-28,491,91.680000
2022-03-30,491,88.480000
2022-06-16,494,900.000000
2022-05-30,494,2000.000000
2022-08-12,493,48.660000
2022-08-15,491,87.520000
2022-12-30,493,534.200000
2023-02-23,494,4000.000000
2023-04-17,492,6051.000000
2022-08-29,493,1022.160000
2023-01-22,490,390335.000000
2023-04-03,491,151.340000
2022-01-09,495,43.780000
2021-09-08,495,89.590000
2022-08-27,493,1000.340000
2023-03-29,492,7822.000000
2023-03-31,492,14720.000000
2023-04-15,492,6610.000000
2021-10-21,492,4310.000000
2022-01-29,494,2000.000000
2022-07-29,491,36.380000
2022-12-28,493,806.720000
2023-06-17,495,21.610000
2022-07-27,491,34.120000
2022-06-01,494,700.000000
2023-01-24,490,413101.000000
2022-12-13,493,707.880000
2021-10-04,492,8310.000000
2022-03-23,492,17420.000000
2022-06-14,494,2000.000000
2022-01-14,490,427330.000000
2022-01-16,494,1000.000000
2022-08-11,491,45.620000
2022-08-14,493,556.220000
2023-02-06,490,396949.000000
2023-02-23,490,442927.000000
2022-01-31,490,806293.000000
2022-11-11,492,20350.000000
2023-03-10,490,491286.000000
2022-03-06,492,16700.000000
2023-03-21,491,255.200000
2023-06-01,493,1090.020000
2023-06-04,495,143.860000
2022-02-26,491,247.620000
2022-05-17,494,1320.000000
2022-01-12,494,400.000000
2023-04-30,492,2896.000000
2022-04-12,491,219.780000
2022-01-24,495,43.080000
2022-07-22,492,4380.000000
2022-08-23,492,13250.000000
2022-11-03,494,200.000000
2022-11-28,492,7990.000000
2023-01-10,493,939.620000
2022-04-21,490,346338.000000
2022-08-24,490,375155.000000
2022-09-10,490,156152.000000
2022-06-28,492,14570.000000
2023-04-13,492,12060.000000
2023-06-09,494,1500.000000
2022-06-11,492,9280.000000
2022-08-28,491,340.980000
2023-01-22,494,3720.000000
2023-03-16,492,7480.000000
2023-05-15,493,324.280000
2021-12-03,493,376.400000
2022-10-17,494,550.000000
2021-10-07,494,800.000000
2021-10-24,491,296.060000
2021-11-10,491,190.060000
2022-07-28,493,384.140000
2022-05-08,490,36684.000000
2023-02-08,494,200.000000
2022-06-03,494,1400.000000
2023-01-14,493,1184.940000
2023-04-02,492,16840.000000
2022-04-05,492,11500.000000
2022-04-08,490,146860.000000
2022-06-18,490,249097.000000
2022-02-13,490,355195.000000
2021-10-13,491,91.140000
2022-11-03,491,83.770000
2022-11-05,491,91.220000
2023-01-08,492,7430.000000
2023-01-09,494,1200.000000
2023-01-27,493,1056.100000
2022-04-23,490,296358.000000
2022-06-16,490,409280.000000
2022-01-26,492,17880.000000
2021-12-06,490,213005.000000
2023-05-30,493,850.340000
2023-06-11,494,2500.000000
2022-02-27,493,547.460000
2022-02-25,493,407.720000
2022-03-11,494,4240.000000
2022-03-14,493,1285.240000
2022-10-29,492,9950.000000
2022-10-31,492,5795.000000
2023-01-06,492,10660.000000
2023-05-31,491,421.520000
2022-05-29,492,6910.000000
2021-12-19,491,172.000000
2021-12-20,493,548.560000
2021-12-21,491,377.400000
2021-10-10,493,323.430000
2021-10-11,491,114.150000
2022-09-05,492,1200.000000
2022-09-06,494,200.000000
2023-02-21,490,270011.000000
2023-03-19,494,4200.000000
2023-04-06,493,762.460000
2023-04-07,491,305.760000
2022-06-13,492,8550.000000
2021-12-18,493,532.820000
2021-10-25,493,1099.160000
2022-11-16,494,500.000000
2023-04-04,493,969.600000
2023-05-16,490,223454.000000
2022-05-22,493,237.660000
2022-08-06,492,2860.000000
2022-08-26,491,137.260000
2022-11-14,494,1420.000000
2023-01-11,491,613.380000
2023-01-13,491,198.440000
2023-06-14,493,1543.910000
2021-10-22,494,800.000000
2023-01-24,494,2000.000000
2023-05-01,490,228896.000000
2023-06-15,491,166.830000
2022-01-11,492,17250.000000
2022-01-02,493,94.040000
2022-05-18,494,2100.000000
2021-10-25,491,145.140000
2022-06-27,492,11820.000000
2022-08-26,493,974.840000
2023-01-25,490,464146.000000
2023-03-22,490,339720.000000
2023-05-03,493,611.040000
2023-05-23,495,96.920000
2022-06-30,494,3260.000000
2022-08-27,491,192.360000
2023-01-10,494,400.000000
2022-02-22,492,7620.000000
2022-11-17,490,359793.000000
2023-05-15,494,1200.000000
2023-05-17,491,92.500000
2021-11-05,494,800.000000
2022-06-19,491,171.980000
2022-03-10,494,2200.000000
2022-02-27,491,76.820000
2022-09-07,494,1500.000000
2022-12-29,493,925.580000
2023-03-17,492,9730.000000
2022-02-13,493,430.260000
2022-11-03,493,853.820000
2022-11-04,491,158.250000
2023-01-07,492,8776.000000
2023-05-12,492,8660.000000
2023-05-30,490,398691.000000
2023-03-08,493,1131.580000
2022-11-10,495,0.000000
2022-05-22,494,200.000000
2022-05-23,494,520.000000
2022-03-31,492,20240.000000
2021-12-02,490,261826.000000
2021-10-29,492,4840.000000
2021-09-08,490,183690.000000
2022-06-30,491,69.080000
2022-09-25,493,692.380000
2022-11-15,493,1139.540000
2022-12-26,490,382742.000000
2023-01-29,490,425256.000000
2023-02-15,492,13338.000000
2023-03-05,490,460516.000000
2022-11-05,490,343470.000000
2023-05-28,492,8060.000000
2022-01-21,492,22580.000000
2022-01-22,492,19290.000000
2022-06-14,491,264.700000
2022-04-18,494,2300.000000
2021-12-19,492,7710.000000
2022-07-18,493,147.280000
2022-10-11,493,741.660000
2021-09-24,490,391330.000000
2021-09-25,492,16145.000000
2022-01-28,491,442.640000
2021-11-14,492,3740.000000
2022-02-03,495,41.760000
2022-06-15,493,907.440000
2022-03-04,491,252.600000
2022-02-27,494,800.000000
2022-07-30,494,500.000000
2022-09-07,493,1087.880000
2023-01-30,490,407914.000000
2022-04-07,491,42.360000
2022-08-21,493,840.100000
2022-08-22,493,851.740000
2022-12-19,493,1177.380000
2023-05-29,492,13985.000000
2023-06-10,495,97.640000
2022-05-10,491,83.840000
2022-05-11,491,225.980000
2022-06-25,494,200.000000
2022-11-22,492,9560.000000
2022-10-02,490,52055.000000
2023-03-21,492,10140.000000
2023-03-22,492,13070.000000
2023-05-01,491,97.660000
2022-12-10,490,334617.000000
2023-04-24,492,2400.000000
2023-04-25,492,1000.000000
2023-06-16,494,800.000000
2021-10-28,490,381541.000000
2021-12-01,490,349674.000000
2022-01-24,494,1500.000000
2021-10-01,491,128.490000
2022-06-23,492,1310.000000
2022-07-19,493,252.880000
2022-11-06,490,195782.000000
2022-12-18,493,988.180000
2022-10-03,490,218831.000000
2022-01-05,490,326304.000000
2022-08-29,490,437867.000000
2022-07-26,490,199378.000000
2023-05-12,490,295835.000000
2023-06-09,495,185.440000
2022-02-02,495,44.960000
2021-12-09,491,162.480000
2021-09-02,495,92.980000
2022-08-03,491,40.200000
2022-10-19,492,12533.000000
2022-11-14,493,848.800000
2022-11-14,491,85.880000
2022-12-27,492,15950.000000
2023-02-17,494,1400.000000
2023-03-04,490,256785.000000
2022-06-14,493,953.000000
2021-12-18,492,6885.000000
2022-10-11,491,84.210000
2023-01-22,493,1114.120000
2022-02-25,492,16950.000000
2021-09-16,493,633.090000
2021-09-17,493,540.310000
2021-10-21,493,508.480000
2021-11-05,491,77.220000
2021-12-21,494,800.000000
2021-11-16,494,3900.000000
2022-03-03,491,606.980000
2022-09-06,491,83.140000
2022-10-22,494,900.000000
2022-11-26,494,1100.000000
2022-05-20,492,7170.000000
2022-06-26,494,800.000000
2022-07-28,492,1180.000000
2022-09-18,494,500.000000
2022-11-23,492,7225.000000
2023-02-06,491,93.100000
2023-04-08,490,258570.000000
2023-06-04,491,214.280000
2022-12-30,494,600.000000
2022-01-20,490,411097.000000
2022-02-06,490,317110.000000
2022-02-08,490,457040.000000
2022-04-15,490,434263.000000
2022-04-17,490,367754.000000
2022-08-29,492,11050.000000
2022-08-31,492,4090.000000
2023-01-21,491,103.920000
2023-06-07,493,1038.670000
2022-06-05,492,11800.000000
2022-06-07,490,325089.000000
2022-06-07,492,5220.000000
2021-12-09,493,670.620000
2021-12-10,491,510.900000
2023-03-13,491,247.020000
2021-11-13,490,144140.000000
2023-04-15,493,1305.520000
2021-10-13,494,500.000000
2021-10-15,494,500.000000
2021-10-18,491,34.700000
2021-10-20,491,153.320000
2021-10-19,493,652.600000
2021-11-01,494,2900.000000
2021-11-04,491,159.380000
2021-12-26,493,854.180000
2022-01-12,493,1309.880000
2021-10-03,491,282.140000
2022-03-06,493,946.020000
2022-03-12,492,8510.000000
2023-05-21,493,1492.220000
2022-06-22,492,360.000000
2022-05-02,490,400.000000
2022-10-31,495,24.470000
2023-04-11,494,2600.000000
2022-02-17,493,513.740000
2022-08-19,491,44.900000
2023-05-10,490,216358.000000
2023-02-02,494,3320.000000
2023-03-25,494,1810.000000
2022-08-12,492,10100.000000
2022-08-14,492,4200.000000
2022-01-03,491,461.180000
2022-01-29,490,445560.000000
2021-10-24,490,324170.000000
2022-08-24,494,1500.000000
2022-11-01,494,600.000000
2022-12-14,490,325001.000000
2023-02-06,494,1800.000000
2023-02-08,490,239375.000000
2022-07-01,490,144204.000000
2022-09-08,490,304585.000000
2021-12-14,492,27735.000000
2021-11-21,490,361752.000000
2023-03-22,493,1134.980000
2023-03-23,491,149.000000
2023-05-03,490,288236.000000
2021-11-03,492,3000.000000
2022-06-18,491,74.340000
2022-03-21,492,14410.000000
2022-03-24,494,500.000000
2022-01-22,495,44.620000
2021-09-27,493,483.830000
2022-08-21,492,7210.000000
2022-10-07,493,1557.510000
2022-11-04,493,872.960000
2023-01-26,491,357.680000
2022-08-08,492,11710.000000
2022-03-12,493,862.660000
2022-03-13,491,96.600000
2022-01-14,494,1500.000000
2021-09-13,490,326788.000000
2021-10-06,492,3250.000000
2022-08-13,491,275.500000
2022-10-27,495,45.590000
2022-11-18,491,181.160000
2023-04-18,490,402375.000000
2021-10-26,491,81.860000
2023-01-21,492,17930.000000
2023-04-03,494,1600.000000
2023-04-05,491,36.000000
2022-06-04,493,527.880000
2021-12-05,493,866.700000
2022-11-13,492,6070.000000
2023-01-12,493,310.080000
2022-07-30,493,187.520000
2022-10-21,491,56.530000
2021-11-02,492,10033.000000
2022-04-11,491,123.160000
2022-06-19,493,43.860000
2022-02-15,495,49.480000
2021-09-29,493,814.420000
2022-07-23,493,92.460000
2022-07-06,492,19200.000000
2022-07-06,493,835.140000
2022-07-14,490,194280.000000
2023-02-28,490,125029.000000
2022-06-27,490,271654.000000
2023-03-28,494,4410.000000
2023-04-14,494,1400.000000
2022-02-19,491,232.020000
2021-11-19,493,1284.760000
2021-09-12,492,6000.000000
2023-03-09,493,1041.660000
2021-09-20,490,194524.000000
2022-02-02,491,583.660000
2021-10-01,494,900.000000
2022-09-03,492,250.000000
2023-02-20,492,12280.000000
2023-04-03,490,340416.000000
2023-05-16,493,1025.520000
2021-12-06,493,592.780000
2021-09-03,490,30260.000000
2021-11-02,493,370.480000
2022-06-19,492,250.000000
2022-11-26,491,396.080000
2023-03-17,490,366651.000000
2022-06-02,492,17450.000000
2023-06-05,495,97.920000
2022-08-17,492,6630.000000
2022-12-13,491,224.060000
2022-02-24,495,135.940000
2022-02-28,490,855670.000000
2022-03-08,491,132.220000
2022-03-17,490,353011.000000
2021-11-19,490,389190.000000
2021-11-19,492,13435.000000
2022-08-09,492,10550.000000
2022-09-24,495,49.460000
2022-12-04,491,104.480000
2022-12-05,490,248014.000000
2023-01-07,491,179.680000
2023-02-03,490,351470.000000
2023-03-09,492,9450.000000
2021-09-20,492,5690.000000
2023-03-26,492,8910.000000
2023-04-29,492,50.000000
2023-06-02,493,1025.120000
2022-04-03,490,227663.000000
2022-05-27,494,1800.000000
2021-12-23,492,11590.000000
2021-10-10,494,500.000000
2022-07-06,490,324281.000000
2022-07-08,494,800.000000
2022-07-14,493,218.360000
2022-09-03,493,770.340000
2022-10-23,491,132.290000
2022-11-18,490,341240.000000
2023-01-17,490,291858.000000
2023-01-19,494,600.000000
2023-02-05,494,800.000000
2023-02-20,490,421669.000000
2023-02-22,494,1400.000000
2022-04-20,490,313122.000000
2022-06-02,490,436017.000000
2023-04-20,492,150.000000
2021-12-14,493,775.380000
2022-12-21,491,44.800000
2023-04-03,493,1137.840000
2022-06-04,494,2600.000000
2022-01-09,492,8870.000000
2021-12-06,492,1375.000000
2021-09-03,492,2350.000000
2022-08-26,492,8340.000000
2022-10-16,493,819.990000
2023-01-11,494,2800.000000
2023-01-28,494,2500.000000
2021-11-02,490,278043.000000
2023-04-12,492,11990.000000
2023-05-07,492,1150.000000
2023-05-24,492,12643.000000
2023-05-28,495,97.120000
2023-06-14,495,96.500000
2021-10-16,493,462.660000
2021-10-18,494,800.000000
2021-11-04,494,800.000000
2021-12-31,493,461.840000
2022-01-21,495,90.300000
2021-11-27,493,101.360000
2022-06-19,490,67514.000000
2022-07-31,493,466.980000
2023-03-17,493,1185.200000
2022-04-20,492,18005.000000
2022-04-23,494,700.000000
2022-04-19,491,130.580000
2022-11-02,493,890.410000
2023-01-24,491,214.440000
2023-03-11,494,2450.000000
2022-07-23,492,5320.000000
2022-08-17,493,385.280000
2022-02-02,490,346220.000000
2022-02-04,492,17500.000000
2022-06-12,494,4460.000000
2021-12-15,490,389383.000000
2023-02-19,493,1661.340000
2023-04-03,492,8100.000000
2023-04-04,492,23146.000000
2023-05-16,492,11165.000000
2023-06-10,493,1300.580000
2022-02-10,491,360.600000
2022-02-16,495,94.420000
2022-03-08,490,152695.000000
2022-03-17,491,129.600000
2021-11-18,493,146.840000
2021-09-15,494,800.000000
2022-09-20,493,653.160000
2022-09-21,492,6090.000000
2022-12-05,491,277.660000
2023-03-26,493,666.400000
2023-04-29,493,89.740000
2022-03-24,491,90.400000
2022-03-28,494,2100.000000
2022-10-26,491,90.170000
2023-01-16,494,1900.000000
2023-01-19,491,165.120000
2023-02-05,491,222.460000
2023-04-09,494,850.000000
2022-07-04,495,96.440000
2022-11-09,494,1250.000000
2023-01-14,494,1300.000000
2022-06-07,494,3100.000000
2022-05-24,494,500.000000
2022-03-31,490,1382786.000000
2021-12-11,493,808.860000
2021-10-29,490,459260.000000
2022-08-04,491,91.260000
2023-01-12,492,16110.000000
2023-03-03,490,265227.000000
2022-05-21,492,12690.000000
2022-08-31,490,620239.000000
2022-09-17,490,162095.000000
2021-11-30,490,609432.000000
2023-03-31,493,856.420000
2022-01-20,492,28382.000000
2022-07-20,493,192.160000
2023-01-20,493,633.340000
2023-03-14,493,696.380000
2021-10-02,493,294.550000
2021-10-11,492,1150.000000
2021-12-25,491,133.340000
2021-12-28,493,470.100000
2022-01-11,491,237.960000
2022-01-23,494,2300.000000
2022-03-05,491,40.780000
2022-10-21,492,11140.000000
2022-06-22,490,26113.000000
2023-01-03,493,1165.000000
2023-01-04,491,51.300000
2023-03-23,492,9485.000000
2023-04-09,492,12950.000000
2023-06-05,493,286.680000
2023-06-06,491,127.440000
2022-03-21,493,822.440000
2022-03-22,491,91.780000
2022-07-09,490,251700.000000
2022-11-07,492,10806.000000
2023-03-28,491,125.040000
2022-05-30,493,326.800000
2022-09-05,491,228.560000
2023-04-23,490,95000.000000
2022-06-10,494,500.000000
2022-06-12,491,305.840000
2021-10-27,492,11610.000000
2021-10-28,492,7350.000000
2022-10-12,493,707.710000
2023-04-06,492,9830.000000
2022-06-08,494,1400.000000
2022-06-09,494,1520.000000
2022-05-27,493,707.800000
2022-03-31,494,2100.000000
2022-01-05,492,19210.000000
2021-10-30,490,346620.000000
2021-09-06,490,62160.000000
2022-08-04,493,186.780000
2022-08-05,491,70.540000
2022-08-06,493,48.520000
2023-01-13,492,10080.000000
2023-01-28,492,13020.000000
2023-01-29,492,16620.000000
2023-02-16,490,385116.000000
2022-09-14,490,207855.000000
2022-09-16,490,157905.000000
2021-11-15,490,291755.000000
2021-10-05,493,1076.790000
2021-10-12,492,12610.000000
2021-12-20,492,12620.000000
2022-01-03,492,15050.000000
2022-01-16,495,97.080000
2023-01-31,490,544216.000000
2023-06-16,492,6610.000000
2022-10-13,493,619.790000
2022-11-22,490,438759.000000
2022-11-23,490,419368.000000
2023-01-04,493,1342.260000
2022-03-21,491,179.680000
2022-08-20,493,434.300000
2022-03-15,492,1800.000000
2022-03-14,492,400.000000
2022-03-19,491,141.060000
2022-10-27,493,1017.250000
2022-10-28,493,1061.530000
2022-10-29,493,937.650000
2022-12-08,490,342610.000000
2023-01-06,493,1465.100000
2023-04-26,490,244399.000000
2022-05-28,491,210.960000
2022-05-29,491,33.600000
2022-12-09,490,369673.000000
2023-04-07,492,8240.000000
2023-04-08,492,8870.000000
2022-08-16,494,1000.000000
2023-02-14,490,423382.000000
2023-06-15,492,13830.000000
2022-04-14,492,21150.000000
2022-02-22,490,459540.000000
2022-08-30,494,500.000000
2023-01-22,491,195.080000
2023-03-14,491,296.600000
2023-04-05,490,381917.000000
2023-05-16,494,2400.000000
2022-06-04,492,13450.000000
2022-02-01,493,328.480000
2022-09-21,491,271.780000
2022-11-11,491,85.980000
2022-03-28,490,374292.000000
2022-07-12,490,185800.000000
2022-03-11,490,344615.000000
2022-07-29,490,320587.000000
2022-06-25,490,67055.000000
2023-03-28,493,1106.400000
2021-09-13,491,202.760000
2021-09-14,493,726.960000
2021-10-01,493,320.610000
2021-10-04,491,170.780000
2021-12-23,494,2000.000000
2021-12-28,491,538.080000
2021-12-29,493,705.560000
2022-01-14,491,547.360000
2022-01-15,493,910.780000
2021-11-19,494,600.000000
2022-06-17,493,932.740000
2022-10-22,492,7880.000000
2023-01-30,494,3320.000000
2023-03-19,490,346358.000000
2022-04-01,490,176149.000000
2022-10-05,492,7400.000000
2022-10-08,491,144.870000
2022-09-01,492,5640.000000
2023-04-12,494,1300.000000
2022-05-18,492,12600.000000
2022-11-23,494,1080.000000
2022-12-14,494,920.000000
2023-02-08,491,89.880000
2023-03-11,493,1311.800000
2023-06-02,494,2670.000000
2022-08-15,492,11070.000000
2022-09-04,491,281.740000
2022-10-01,492,3825.000000
2022-10-25,491,125.390000
2022-12-10,494,400.000000
2022-12-31,494,800.000000
2023-02-22,493,848.300000
2022-07-04,493,1275.920000
2022-02-10,492,31855.000000
2022-01-07,492,33980.000000
2021-12-03,492,12540.000000
2021-09-06,492,3100.000000
2022-08-03,493,140.940000
2022-08-28,490,446876.000000
2022-10-17,490,318449.000000
2022-11-13,493,521.340000
2023-01-10,492,17220.000000
2023-02-17,490,383254.000000
2021-12-21,490,353389.000000
2021-11-17,490,236025.000000
2021-10-13,490,292452.000000
2021-10-10,492,14750.000000
2023-05-26,495,192.720000
2022-06-13,493,856.200000
2022-04-17,494,1800.000000
2022-07-20,491,102.000000
2022-10-09,493,760.390000
2023-06-12,494,720.000000
2023-06-13,493,1702.420000
2021-09-27,491,216.730000
2021-10-26,493,427.820000
2021-12-16,494,400.000000
2022-03-13,493,666.120000
2022-09-10,493,707.600000
2022-09-11,491,36.600000
2022-12-28,490,391466.000000
2022-02-18,495,95.760000
2022-02-23,494,800.000000
2022-02-12,491,323.100000
2023-03-24,491,376.140000
2023-04-27,492,650.000000
2022-06-12,492,3160.000000
2022-12-23,492,15200.000000
2023-04-04,494,2300.000000
2023-05-15,490,367215.000000
2022-04-09,491,325.040000
2022-04-04,492,8980.000000
2023-01-26,493,994.920000
2022-04-28,491,346.840000
2021-12-23,493,611.460000
2021-11-30,494,3500.000000
2021-10-07,490,65631.000000
2021-09-22,494,500.000000
2022-07-17,494,840.000000
2022-10-23,490,184087.000000
2022-12-31,490,756681.000000
2023-01-16,491,199.540000
2022-08-01,490,253712.000000
2023-03-18,490,247618.000000
2022-06-05,494,700.000000
2022-05-24,490,328413.000000
2021-09-03,491,191.050000
2022-09-27,491,187.020000
2023-01-27,494,1250.000000
2023-02-28,492,5150.000000
2022-04-12,490,366495.000000
2023-05-07,493,236.240000
2023-05-08,492,8600.000000
2021-09-11,491,282.780000
2021-10-16,492,6550.000000
2021-10-19,494,300.000000
2021-10-24,492,4570.000000
2022-01-26,493,846.920000
2021-11-11,493,370.080000
2021-11-27,492,8410.000000
2023-03-03,494,1200.000000
2022-04-20,491,127.340000
2022-12-16,494,1936.000000
2023-04-11,492,10830.000000
2022-09-12,493,621.260000
2022-11-06,495,23.340000
2022-11-08,491,203.020000
2022-11-28,493,931.820000
2023-01-08,490,314383.000000
2023-02-11,490,426962.000000
2023-02-12,490,282795.000000
2022-07-05,493,696.700000
2022-08-18,492,5260.000000
2022-12-12,491,215.920000
2021-09-21,490,262628.000000
2021-10-15,492,7990.000000
2022-03-19,494,1000.000000
2022-04-28,490,466954.000000
2022-04-29,491,46.520000
2022-04-30,494,800.000000
2022-03-02,492,1035.000000
2022-02-04,493,627.340000
2021-12-24,490,226593.000000
2021-10-06,493,506.300000
2021-10-07,491,484.890000
2022-09-01,491,177.800000
2022-09-04,493,621.200000
2022-10-25,493,647.060000
2022-11-20,494,800.000000
2022-12-07,493,801.960000
2023-01-16,492,19870.000000
2023-01-16,490,327988.000000
2023-01-18,494,1000.000000
2023-03-08,492,20460.000000
2021-10-25,492,8640.000000
2022-01-24,490,456640.000000
2022-09-27,490,338918.000000
2022-01-07,490,273838.000000
2022-02-13,492,10430.000000
2023-04-06,495,49.160000
2023-05-18,495,96.640000
2023-06-03,492,7590.000000
2022-02-21,493,1053.700000
2022-02-27,492,11169.000000
2022-10-30,491,112.750000
2022-05-25,490,152953.000000
2022-06-09,493,856.800000
2022-06-10,491,51.200000
2022-04-13,494,3200.000000
2021-10-28,494,500.000000
2022-07-18,494,200.000000
2022-08-29,494,200.000000
2022-12-24,493,823.580000
2023-05-17,492,12135.000000
2021-09-04,490,33230.000000
2022-08-27,492,6800.000000
2022-05-15,490,411724.000000
2023-03-27,490,397293.000000
2023-03-29,494,600.000000
2023-04-13,490,351152.000000
2023-05-08,493,325.840000
2023-05-25,493,1079.320000
2021-09-14,495,66.090000
2021-10-16,491,209.280000
2021-12-26,494,800.000000
2021-11-11,492,3950.000000
2022-06-18,492,7130.000000
2022-11-26,490,340316.000000
2022-05-16,491,137.500000
2022-06-26,493,614.880000
2022-06-27,491,216.300000
2022-10-13,491,239.890000
2023-01-01,494,1300.000000
2023-03-12,494,1050.000000
2022-09-13,492,1900.000000
2023-01-08,491,93.500000
2023-02-27,492,7260.000000
2022-07-05,492,7930.000000
2021-10-22,493,374.360000
2023-04-10,492,8480.000000
2021-09-10,490,120584.000000
2021-10-25,494,800.000000
2021-12-17,492,6560.000000
2021-12-17,493,547.120000
2022-01-26,491,159.940000
2022-08-01,494,800.000000
2023-01-31,491,278.300000
2023-03-18,494,550.000000
2022-02-22,495,45.020000
2022-03-18,491,233.040000
2022-12-06,491,203.960000
2023-01-21,494,2920.000000
2023-05-14,493,598.840000
2023-05-14,492,8900.000000
2023-01-14,490,282640.000000
2023-02-13,492,13030.000000
2022-02-28,493,672.580000
2022-02-16,491,83.440000
2022-02-11,493,703.320000
2022-03-10,490,350161.000000
2022-03-12,494,1000.000000
2022-03-14,490,168216.000000
2022-03-08,494,200.000000
2023-01-05,492,10430.000000
2023-03-06,493,1086.000000
2023-03-07,491,89.240000
2023-05-30,494,2300.000000
2021-12-30,492,23510.000000
2022-04-22,491,140.100000
2022-03-27,490,449350.000000
2022-01-04,491,574.320000
2021-10-21,494,200.000000
2023-01-22,492,13320.000000
2023-02-25,493,908.780000
2021-11-05,490,267054.000000
2022-07-17,490,239443.000000
2021-11-22,490,274737.000000
2023-03-20,490,429907.000000
2022-06-16,493,983.820000
2021-10-09,493,516.790000
2022-09-02,492,2700.000000
2022-09-06,492,600.000000
2021-12-13,492,17215.000000
2023-04-06,490,204635.000000
2022-11-15,490,468302.000000
2023-05-27,492,18668.000000
2021-10-13,493,546.560000
2021-12-18,491,73.820000
2022-06-17,491,139.520000
2022-09-09,494,520.000000
2022-10-19,493,703.650000
2022-10-20,491,169.320000
2022-04-17,492,4880.000000
2022-07-03,493,622.340000
2022-07-04,491,93.460000
2022-07-06,495,43.840000
2023-05-13,494,1500.000000
2023-05-10,492,6040.000000
2022-11-05,493,983.280000
2023-01-08,494,700.000000
2022-04-22,490,163178.000000
2022-05-22,491,211.320000
2022-05-21,493,91.980000
2022-03-26,493,532.460000
2022-03-27,491,133.020000
2022-01-30,491,414.740000
2021-11-08,493,877.320000
2022-06-02,494,720.000000
2022-12-15,490,410239.000000
2023-02-07,494,1120.000000
2023-02-08,493,495.900000
2023-02-09,491,174.960000
2022-06-17,490,295862.000000
2022-08-12,490,398846.000000
2021-10-10,490,343812.000000
2022-10-20,490,244247.000000
2021-12-18,490,273625.000000
2022-02-12,490,435360.000000
2023-03-23,493,1079.260000
2023-05-02,490,280450.000000
2021-09-09,492,5056.000000
2022-03-22,492,17980.000000
2022-06-15,494,1400.000000
2022-05-30,492,7770.000000
2022-02-05,495,88.780000
2022-01-16,493,444.480000
2022-10-02,492,7844.000000
2022-10-05,494,200.000000
2022-12-10,492,8318.000000
2023-02-22,490,431088.000000
2021-11-17,492,8000.000000
2022-01-25,492,16820.000000
2021-11-22,491,305.920000
2022-08-07,492,950.000000
2022-09-23,493,846.700000
2022-12-01,493,471.480000
2022-12-02,491,68.080000
2023-02-17,492,8080.000000
2023-04-14,492,11820.000000
2023-06-14,491,185.640000
2021-09-13,493,772.160000
2021-09-14,491,168.130000
2021-09-25,494,400.000000
2022-07-29,493,514.120000
2023-04-17,494,1700.000000
2022-02-10,494,800.000000
2022-08-10,494,1200.000000
2023-05-31,493,1346.360000
2023-04-05,493,1237.220000
2023-04-06,491,112.080000
2022-04-07,494,2200.000000
2022-12-13,494,200.000000
2021-09-22,490,182431.000000
2021-12-23,491,72.500000
2021-11-12,492,6710.000000
2022-06-16,491,202.760000
2022-04-05,493,640.760000
2022-08-22,491,133.980000
2022-11-07,490,65511.000000
2023-05-30,492,14555.000000
2022-05-12,491,89.860000
2022-05-21,494,520.000000
2022-06-27,494,300.000000
2023-01-23,493,1082.120000
2022-09-04,494,2100.000000
2023-03-20,492,13110.000000
2023-04-09,490,442125.000000
2022-03-02,491,274.020000
2022-12-04,493,747.720000
2023-04-26,492,6200.000000
2022-09-05,493,531.140000
2022-12-12,490,381498.000000
2023-01-15,490,331337.000000
2023-02-14,492,17458.000000
2023-05-12,494,520.000000
2022-02-09,490,521590.000000
2022-06-09,492,10500.000000
2021-10-30,492,6910.000000
2022-06-29,491,128.280000
2022-09-26,493,597.080000
2022-12-25,490,359973.000000
2023-01-28,490,430485.000000
2022-04-19,490,438451.000000
2022-05-17,490,389412.000000
2022-07-25,490,220052.000000
2022-08-15,490,259913.000000
2023-04-16,491,126.160000
2023-05-06,493,332.960000
2023-06-12,492,15200.000000
2022-12-20,491,89.000000
2021-09-09,490,321312.000000
2021-09-17,491,96.080000
2021-11-02,494,1600.000000
2022-01-27,491,42.080000
2021-11-19,491,36.800000
2022-12-28,492,13660.000000
2023-06-17,490,68130.000000
2022-04-04,494,2400.000000
2022-06-20,490,62281.000000
2022-05-31,493,1338.880000
2022-04-01,492,4400.000000
2022-03-23,493,597.660000
2022-02-17,491,392.120000
2022-07-07,492,4320.000000
2022-08-23,493,912.780000
2022-09-14,492,4860.000000
2023-02-26,493,1044.240000
2022-03-15,490,159425.000000
2023-03-27,491,134.460000
2023-05-09,492,8650.000000
2022-02-28,494,900.000000
2022-10-31,493,926.680000
2022-02-07,494,2000.000000
2022-12-07,492,2400.000000
2023-02-01,492,9200.000000
2023-03-07,492,17405.000000
2022-08-13,494,2120.000000
2022-11-20,490,329272.000000
2023-02-05,493,577.180000
2023-03-10,494,2960.000000
2023-04-07,494,2030.000000
2023-04-22,490,85100.000000
2023-06-03,493,1027.210000
2023-01-13,494,400.000000
2023-04-02,493,830.920000
2023-06-15,494,1820.000000
2021-11-09,490,389159.000000
2021-10-23,490,486168.000000
2022-09-19,492,10250.000000
2022-07-30,490,348115.000000
2022-02-25,490,343300.000000
2023-04-30,494,2010.000000
2023-05-23,492,12690.000000
2022-03-21,494,1100.000000
2022-02-03,491,250.500000
2022-01-17,491,70.500000
2022-07-13,490,348000.000000
2022-10-23,493,444.360000
2022-10-24,491,125.390000
2023-01-18,492,16926.000000
2023-02-04,492,22430.000000
2023-02-21,493,694.660000
2023-02-22,491,239.180000
2023-03-10,493,1262.280000
2023-04-19,490,407515.000000
2023-05-17,494,2700.000000
2022-06-04,491,223.300000
2021-11-20,494,800.000000
2022-12-02,490,294126.000000
2023-01-12,494,400.000000
2021-09-26,493,501.650000
2021-09-30,493,385.720000
2021-12-31,491,76.860000
2022-01-12,492,13605.000000
2022-02-15,493,988.680000
2023-04-02,490,242320.000000
2023-06-09,492,9940.000000
2022-06-03,493,663.300000
2022-09-15,492,10510.000000
2022-10-06,493,1260.030000
2022-10-07,491,58.190000
2022-11-28,490,273895.000000
2023-02-26,491,88.060000
