SalesDate,intTaxItemGroupId,TotalQty
10/20/2021,490,268295
5/31/2022,494,800
10/3/2021,492,4310
9/16/2021,492,6940
8/12/2022,491,181.6
8/13/2022,493,50.34
10/3/2022,493,999.59
10/28/2022,490,434366
2/7/2023,490,339353
11/6/2021,490,293898
11/23/2021,492,18140
12/10/2021,492,12420
12/27/2021,492,11480
2/16/2022,492,11710
5/20/2023,492,5200
6/1/2023,495,48.56
4/10/2022,494,3940
4/15/2022,491,76.06
8/21/2022,490,330353
9/16/2022,493,522.98
11/6/2022,493,676.69
12/18/2022,490,254245
12/18/2022,492,7240
5/27/2023,491,214.7
6/6/2023,492,14033
2/23/2022,491,79.16
2/11/2022,495,48.28
3/12/2022,491,130.8
5/19/2022,491,77.98
11/23/2022,493,1074.4
1/4/2023,490,264734
8/30/2022,493,1156.46
1/21/2023,490,441943
3/13/2023,492,23735
2/1/2022,494,500
1/8/2022,495,46.14
11/14/2022,490,299416
12/1/2022,490,252474
3/30/2023,492,1000
4/16/2023,492,5100
11/6/2021,492,2760
3/5/2022,492,660
10/20/2022,493,506.28
1/30/2023,493,1117.28
5/14/2022,494,200
7/27/2022,493,486.1
2/24/2023,492,7200
5/3/2023,492,7690
7/4/2022,494,2700
5/20/2022,493,47.84
1/13/2022,490,413064
1/13/2022,492,13210
9/25/2021,493,414.97
9/24/2022,490,431177
10/28/2022,492,10400
12/4/2022,494,2220
11/23/2021,490,350585
12/27/2021,490,351919
10/12/2021,493,493.36
9/15/2022,491,72.9
9/7/2022,490,217737
10/11/2022,490,267160
12/10/2021,490,283320
5/29/2023,493,1323.66
1/30/2022,492,17120
10/27/2021,491,50.16
8/29/2022,491,171.2
10/11/2022,492,11770
11/17/2022,494,900
3/13/2023,490,398944
3/15/2023,494,2560
3/29/2022,491,132.56
1/15/2022,494,500
10/10/2021,491,234.27
12/10/2022,493,760.76
4/18/2023,494,2300
6/6/2022,493,237
11/25/2021,494,500
9/8/2021,493,601.52
7/2/2022,492,7475
10/19/2022,491,198.24
11/14/2022,492,13760
12/1/2022,492,6158
12/27/2022,493,898.8
1/13/2023,493,1369.4
1/28/2023,491,369.98
3/30/2023,490,292119
4/16/2023,490,384172
6/13/2023,491,241.72
9/11/2021,495,51.14
11/13/2021,491,128.04
10/14/2022,494,500
10/31/2022,494,2500
2/24/2023,490,505465
4/1/2023,494,2100
4/7/2022,492,4100
3/21/2022,490,429600
3/22/2022,490,462817
2/15/2022,490,488490
1/21/2022,493,594.3
7/19/2022,490,368802
9/14/2022,491,158.88
2/10/2023,494,1360
4/25/2022,490,185747
12/9/2021,490,282803
9/7/2022,492,11078
5/12/2023,493,333.6
5/28/2023,493,757.8
2/8/2022,493,1137.2
2/24/2022,493,584.42
9/23/2021,491,377.77
9/24/2021,491,490.85
9/2/2021,494,200
9/1/2021,494,200
10/30/2022,494,2400
12/3/2022,494,1000
3/31/2022,493,616.68
6/15/2022,492,10485
10/6/2021,494,40
10/24/2022,495,24.19
4/8/2023,493,613.6
5/19/2023,490,448771
10/29/2021,493,494.44
11/15/2022,492,10600
3/16/2023,494,800
1/5/2022,493,682.16
12/1/2021,493,262.28
7/1/2022,492,6660
8/4/2022,492,9700
8/5/2022,492,6050
12/25/2022,491,141.18
12/26/2022,491,82.12
1/29/2023,491,92.86
3/4/2023,493,1215.8
1/4/2022,493,1660.8
11/8/2021,494,700
9/8/2022,492,4930
5/11/2022,490,22027
11/21/2022,491,47.86
11/22/2022,491,238.54
2/9/2023,494,600
2/14/2023,491,229.26
2/24/2022,491,263.4
2/16/2022,490,437440
5/18/2022,491,105.3
1/12/2022,490,352659
9/24/2021,493,562.95
8/7/2022,494,500
1/4/2023,492,13681
9/16/2021,490,599043
4/8/2022,492,11360
1/20/2022,491,409.08
1/21/2022,491,393.2
7/18/2022,490,353380
8/22/2022,490,328738
6/14/2022,490,401223
9/25/2022,490,239694
5/28/2023,491,480.06
6/5/2023,492,11713
12/17/2021,491,286.28
10/28/2021,493,213.42
10/12/2022,492,8770
3/14/2023,492,14100
6/8/2023,494,1700
3/30/2022,493,863.74
10/23/2022,495,25.08
3/20/2023,491,227.02
5/20/2023,490,496964
6/7/2022,493,513.36
12/2/2021,493,339.06
2/8/2022,492,11775
4/18/2022,492,25855
12/17/2021,494,800
12/19/2021,490,280315
12/24/2022,492,11605
2/18/2023,492,22280
5/14/2023,494,300
5/17/2023,493,923.94
2/26/2022,490,363775
9/8/2021,492,4385
9/19/2021,495,49.1
9/28/2021,491,107.28
12/6/2021,491,291.38
1/31/2022,491,222.38
11/7/2021,493,840.56
9/9/2022,493,1148.8
12/27/2022,494,500
4/19/2023,493,1111.62
4/9/2022,493,939.64
4/10/2022,491,99.04
7/24/2022,492,4680
10/6/2022,490,345974
11/3/2022,490,464630
11/29/2022,494,200
8/11/2022,490,400720
6/3/2022,490,297292
5/6/2022,490,30530
10/16/2022,492,7250
3/26/2022,490,451661
5/9/2023,495,49.42
5/26/2023,492,11610
5/29/2023,494,5150
6/6/2023,495,130.44
4/21/2022,494,900
5/16/2022,492,15480
5/19/2022,494,1600
6/26/2022,492,12900
7/27/2022,494,1000
9/18/2022,492,5400
12/15/2022,493,1310.28
2/9/2023,493,713.56
2/23/2023,491,197.7
3/21/2023,490,264347
5/18/2023,491,35.14
2/11/2022,494,200
2/12/2022,493,296.88
9/23/2022,491,140.48
3/6/2023,494,1900
4/28/2023,492,3560
6/29/2022,494,200
7/2/2022,493,935.44
1/11/2023,490,307241
6/13/2023,490,372440
1/25/2022,490,544866
1/26/2022,490,444879
2/22/2022,494,4900
7/21/2022,491,168.76
10/9/2022,494,200
12/22/2022,492,14320
3/25/2023,490,336588
4/5/2023,494,1160
5/15/2023,491,81.36
3/1/2022,490,247304
9/4/2021,492,1760
9/4/2021,493,639.61
10/8/2021,493,517.08
10/14/2021,491,117.1
10/15/2021,490,184550
12/4/2021,491,77.26
12/5/2021,492,26905
12/22/2021,491,171.2
12/23/2021,490,314960
1/2/2022,494,200
1/3/2022,494,200
11/18/2021,491,319.42
11/18/2021,490,274999
9/11/2022,490,231623
3/1/2023,492,230
3/18/2023,493,1105.38
8/19/2022,494,800
9/12/2022,490,186551
12/17/2022,494,1040
1/8/2023,493,1145
1/9/2023,493,973.6
1/9/2023,492,16660
2/12/2023,493,1058.62
8/8/2022,490,206146
7/5/2022,490,252494
10/16/2022,490,229199
3/29/2022,494,700
2/6/2022,494,940
11/19/2022,490,431973
3/17/2022,492,24810
2/11/2022,492,8320
2/12/2022,492,8465
6/2/2023,490,420192
4/20/2022,493,833.84
4/21/2022,493,1141.22
4/21/2022,492,8020
5/25/2022,493,297.38
5/25/2022,492,1820
6/6/2022,495,94.68
8/24/2022,491,388.12
11/1/2022,492,12140
11/1/2022,493,1110.67
11/1/2022,491,108.89
4/10/2023,491,75.62
9/28/2022,492,8750
9/28/2022,491,92.94
11/13/2022,494,1262
5/26/2023,494,3550
11/29/2021,494,500
2/11/2022,491,129.06
3/17/2022,493,420.86
12/5/2022,493,463.22
12/6/2022,492,10880
4/28/2023,490,339664
7/5/2022,491,165.86
1/15/2023,491,145.1
4/13/2022,493,941.82
10/26/2021,494,800
1/20/2023,494,2200
5/15/2023,492,8150
5/14/2023,491,356.6
6/9/2023,490,350428
9/10/2021,491,51.1
10/15/2021,491,38.44
12/22/2021,490,379790
12/22/2021,493,751.56
1/8/2022,492,8522
2/3/2022,493,933.54
3/9/2022,493,481.26
11/27/2022,490,275409
5/20/2023,495,236.6
2/14/2022,494,2100
11/2/2022,492,18880
9/19/2022,490,339113
10/24/2022,493,354.89
3/18/2022,492,5720
4/27/2022,491,230.48
6/28/2022,493,228.12
8/25/2022,492,17290
9/20/2022,491,344.08
11/12/2022,494,1808
5/6/2023,490,328719
5/7/2023,491,213.96
11/9/2022,492,9350
6/11/2022,493,845.14
6/12/2022,493,638.46
4/15/2022,494,700
10/26/2021,492,19230
7/21/2022,490,319687
10/10/2022,494,950
11/18/2022,492,7416
12/23/2022,493,942.2
2/17/2023,491,89.26
9/5/2021,493,489.71
9/21/2021,493,507.88
10/31/2021,491,290
11/1/2021,490,246403
12/22/2021,492,12705
1/8/2022,490,392240
1/9/2022,490,362232
1/9/2022,491,231.62
1/20/2022,494,2200
1/24/2022,493,594.16
1/25/2022,491,269.7
11/11/2021,494,600
8/2/2022,494,200
9/10/2022,492,3950
9/24/2021,492,5620
10/8/2021,490,145477
10/12/2021,490,227330
6/15/2022,490,405790
5/28/2022,492,10360
1/14/2022,493,301.02
1/15/2022,491,319.1
1/18/2022,493,798.56
8/12/2022,494,700
9/30/2022,492,8350
12/30/2022,490,327747
2/10/2022,490,492960
4/11/2022,490,435095
1/10/2022,492,13966
1/27/2022,492,20760
4/7/2023,493,1000.98
4/17/2023,490,397840
4/19/2023,494,200
6/5/2022,493,373.06
5/24/2022,491,139.9
2/1/2022,491,524.08
12/5/2021,494,700
8/27/2022,490,410702
9/21/2022,493,815.34
9/22/2022,491,273.72
10/17/2022,492,5380
2/27/2022,490,450276
8/10/2022,490,362747
4/15/2023,494,449
5/4/2023,490,318702
6/11/2023,492,16110
10/9/2022,491,97.61
12/23/2022,495,95.8
2/19/2023,492,10080
6/7/2023,492,2990
9/29/2021,491,74.57
9/12/2021,491,213.12
9/15/2021,493,730.84
4/22/2022,494,700
5/19/2022,493,199.38
5/20/2022,491,43.46
7/26/2022,494,1000
12/15/2022,494,1700
1/24/2023,493,1047.32
1/25/2023,491,206.3
2/10/2023,493,1273.38
10/8/2022,493,918.22
11/28/2022,494,600
5/30/2023,491,351.08
2/2/2023,492,18630
12/13/2022,490,401176
6/16/2023,491,61.98
4/25/2022,493,860.02
5/27/2022,491,45.96
4/19/2022,494,600
1/29/2022,491,384.26
10/20/2021,493,281.14
7/27/2022,490,199214
2/7/2023,493,718.8
2/24/2023,493,1185.92
1/21/2022,490,529885
2/24/2022,490,452142
2/7/2022,490,422415
8/13/2022,490,584127
8/30/2022,490,433478
7/10/2022,490,35100
5/2/2023,491,323.18
4/24/2023,490,292100
6/5/2023,491,489.46
2/24/2022,492,21485
3/30/2022,492,14670
11/23/2021,493,560.76
9/3/2021,495,108.11
9/7/2021,490,116791
11/13/2022,491,82.48
11/30/2022,491,200.04
2/16/2023,492,17790
3/5/2023,492,7610
4/15/2023,491,40.06
5/28/2023,490,413718
6/14/2023,492,9015
6/13/2022,491,137.64
4/16/2022,492,14024
8/30/2022,492,7950
1/21/2023,493,476.8
10/14/2021,494,160
11/6/2021,493,662.66
11/15/2021,492,8510
1/30/2023,492,8750
5/11/2023,490,491319
6/17/2023,494,250
4/2/2022,494,3440
2/15/2022,491,81.3
9/16/2022,492,6480
3/13/2022,492,12289
3/16/2022,494,200
10/27/2022,491,124.94
5/31/2023,494,4990
5/29/2022,493,455.2
8/15/2022,494,656
4/7/2023,490,393865
1/17/2022,490,233690
2/3/2022,492,18530
2/20/2022,492,16040
6/9/2023,491,155.34
6/10/2023,492,12520
9/7/2021,495,21.95
9/19/2021,491,126.92
10/6/2021,491,357.24
1/8/2022,491,198.78
1/17/2022,493,463.7
1/19/2022,494,500
4/4/2022,493,1022.02
10/7/2022,492,8620
9/3/2022,490,61796
10/15/2022,490,289161
11/1/2022,490,176025
3/1/2022,493,970.66
11/19/2022,493,1002.26
1/17/2023,493,660.62
2/23/2023,495,96.88
6/1/2023,490,346479
8/25/2022,491,264.76
9/20/2022,492,7180
4/11/2023,491,124.88
6/5/2022,495,92.84
9/2/2021,491,94.12
3/18/2022,493,265.72
8/8/2022,491,125.56
12/5/2022,492,11780
12/6/2022,493,811.02
4/13/2022,492,9030
4/18/2022,491,95.14
2/21/2022,490,393884
12/23/2022,490,438665
2/18/2023,491,179.4
9/22/2021,493,512.73
9/30/2021,494,2200
1/8/2022,493,473.2
1/25/2022,493,802.4
11/26/2021,490,386400
11/26/2021,493,435.74
11/27/2021,491,206.28
11/17/2021,491,246.58
7/30/2022,492,25650
11/26/2022,493,585.42
11/27/2022,491,87.5
1/29/2023,494,750
4/19/2023,492,990
4/4/2022,490,174934
4/1/2022,491,92.68
7/24/2022,493,199.56
1/26/2023,492,18029
2/27/2023,490,244280
10/25/2022,490,169631
5/26/2022,493,310.82
10/15/2022,493,779.25
4/27/2023,490,265951
5/28/2022,494,800
9/28/2022,493,1532.03
2/15/2023,494,1500
12/6/2022,490,272022
2/1/2023,491,289.56
8/16/2022,492,7570
12/26/2021,492,8290
4/24/2022,494,920
4/30/2022,492,2100
5/17/2022,492,1460
3/25/2022,494,1600
1/29/2022,493,796.08
4/16/2022,490,351834
10/10/2022,491,46.01
1/20/2023,491,138.66
2/18/2023,494,1900
3/13/2023,493,1002.64
6/6/2022,490,444315
3/30/2022,490,658912
12/4/2021,494,1600
12/10/2021,493,454.22
6/23/2022,490,74133
3/13/2022,490,183358
5/20/2022,490,423448
1/4/2022,490,271037
3/29/2023,491,211.2
3/30/2023,493,985.48
4/16/2023,493,1260.9
6/14/2023,490,365876
10/2/2021,491,116.9
10/19/2021,491,118.5
12/26/2021,491,37.18
12/27/2021,493,750.02
1/13/2022,493,1112.76
1/30/2022,493,340.88
10/3/2021,493,374.88
11/17/2021,494,200
9/15/2021,491,136.92
10/20/2022,492,12918
5/20/2023,493,811.2
7/27/2022,492,11310
12/17/2022,491,315.72
1/3/2023,491,203.32
6/6/2023,493,1030.82
4/8/2022,493,500.4
3/22/2022,493,465.2
2/16/2022,493,717.04
2/1/2023,494,2300
3/7/2023,494,2200
3/24/2023,494,3310
8/13/2022,492,8310
10/3/2022,492,4300
7/5/2022,495,47.92
12/12/2022,494,763
1/15/2023,494,1400
1/4/2022,492,26405
3/25/2022,495,43.76
3/29/2022,492,10710
6/24/2022,490,15593
6/6/2022,492,12035
11/24/2022,490,426525
1/23/2022,490,379432
9/15/2022,490,271631
11/14/2021,490,316809
7/8/2022,490,368291
1/22/2022,490,368168
4/10/2023,494,3150
1/7/2022,494,200
1/10/2022,491,333.66
12/12/2021,493,578.78
10/30/2021,494,500
8/5/2022,493,93.18
8/28/2022,492,3500
2/15/2023,490,400908
3/29/2023,493,677.48
3/15/2023,493,1180.2
10/4/2021,493,394.74
10/13/2021,492,9060
12/27/2021,491,174.42
1/15/2022,495,87.06
3/20/2022,491,151.82
3/20/2022,493,586.88
11/5/2022,492,2320
11/6/2022,492,4840
11/8/2022,494,200
4/13/2023,491,221.62
3/17/2022,494,900
10/28/2022,491,130.67
10/29/2022,491,132.23
1/5/2023,493,1592.5
4/25/2023,490,295425
5/28/2022,493,284.92
1/17/2023,494,1720
8/17/2022,494,500
1/14/2023,492,7320
5/22/2022,492,14120
1/5/2022,494,1000
6/30/2022,493,1249.82
9/25/2022,491,46.18
10/18/2022,492,6030
3/6/2023,490,438371
4/14/2022,490,292654
10/26/2021,490,577467
10/9/2021,490,274390
11/12/2021,490,343120
6/8/2023,493,1266.3
2/18/2022,493,517.26
12/16/2021,492,13950
7/17/2022,493,243.18
10/12/2022,491,118.82
11/10/2022,494,1020
9/10/2021,492,7330
9/18/2021,493,726.5
9/27/2021,492,6250
9/30/2021,491,366.41
10/17/2021,491,196.64
12/19/2021,494,840
1/2/2022,492,4650
1/11/2022,493,999.66
1/28/2022,493,371.42
1/31/2022,495,84.64
9/8/2022,491,343.56
11/25/2022,490,400009
3/2/2023,490,226237
11/29/2021,492,13608
2/14/2022,493,402.36
7/21/2022,493,35.18
11/4/2022,492,6500
11/27/2022,494,200
2/25/2023,491,301.8
1/23/2023,495,96.1
5/30/2022,491,121.68
10/26/2022,493,853.51
2/4/2023,491,338
2/21/2023,491,47.56
1/15/2023,492,10390
2/13/2022,494,1000
6/24/2022,492,200
7/9/2022,492,700
11/29/2022,491,236.7
12/18/2022,491,191.86
1/26/2023,490,451991
5/19/2022,490,433877
5/21/2022,490,332395
5/23/2022,490,475177
1/18/2022,490,373913
5/27/2023,490,359562
6/11/2023,490,482139
2/21/2022,492,19750
4/24/2022,493,1087.02
4/26/2022,493,961.78
11/20/2021,493,979.1
11/22/2021,493,263.7
11/23/2021,491,111.54
11/24/2021,493,777.9
11/25/2021,491,131.86
9/6/2021,495,49.08
10/16/2022,495,22.31
10/19/2022,494,750
12/1/2022,491,210.58
5/4/2023,493,379.54
5/5/2023,491,131.58
2/19/2023,494,1950
9/28/2021,494,250
11/5/2021,493,182.98
11/6/2021,491,170.4
1/25/2022,494,700
11/8/2021,491,42.96
3/10/2022,492,15193
9/9/2021,494,200
7/31/2022,491,92.24
10/21/2022,494,1150
11/24/2022,492,10020
11/26/2022,492,8650
5/20/2023,491,292.8
3/25/2022,493,727.3
7/26/2022,492,6050
12/16/2022,491,96.3
1/1/2023,493,956.98
1/2/2023,491,523.24
3/23/2023,494,2800
4/30/2023,493,757.98
12/25/2021,492,9830
5/10/2022,490,33073
1/31/2022,494,3700
11/12/2021,491,115.8
10/23/2021,492,13740
7/26/2022,493,239.3
10/15/2022,494,250
10/30/2022,490,243388
11/21/2022,493,961.52
12/8/2021,490,288611
11/4/2021,490,173715
5/25/2023,494,1600
11/20/2021,492,8550
12/28/2021,494,1200
10/14/2021,493,656.94
9/30/2021,490,440831
11/30/2022,492,12780
1/9/2023,491,151.76
1/28/2022,492,12490
6/11/2023,491,375.36
2/23/2022,493,823.6
3/16/2022,493,815.94
9/23/2021,493,570.58
9/2/2021,490,33970
9/22/2022,492,3359
2/4/2023,490,410060
1/19/2022,493,644.34
9/19/2021,492,5978
9/5/2022,495,90.16
10/4/2022,491,100.24
11/18/2022,494,1140
3/19/2023,491,328.62
8/30/2022,491,163.66
1/5/2022,495,45.34
11/23/2021,494,500
3/30/2023,494,2100
6/17/2022,492,4900
1/30/2023,491,239.26
8/16/2022,493,581.1
4/1/2023,490,144151
5/13/2023,493,622.56
9/29/2021,490,292185
10/7/2021,493,370.03
4/6/2023,494,1950
6/10/2022,492,6100
12/15/2021,493,1098.26
10/27/2021,494,300
2/19/2023,490,420609
2/19/2023,491,46.78
3/26/2023,490,271963
3/16/2022,491,131.2
5/16/2022,490,390443
8/9/2022,490,401002
4/29/2023,490,327118
5/24/2022,493,174.5
1/7/2022,491,173
9/3/2021,493,803.2
5/27/2023,495,133.36
6/11/2023,493,909.92
11/28/2021,492,5031
11/10/2021,493,435.92
8/1/2022,493,375.28
3/2/2023,494,2000
6/17/2023,491,24.41
5/7/2022,492,2500
6/27/2022,493,330.56
6/1/2022,490,96532
10/31/2022,491,94.39
1/25/2023,492,15990
8/20/2022,494,1200
2/11/2023,493,1308.76
5/10/2023,494,600
9/29/2022,492,9660
9/28/2021,492,9860
4/28/2022,493,675.84
4/28/2022,492,3951
12/24/2021,493,710.52
12/24/2021,492,11920
7/9/2022,494,520
9/4/2022,490,137816
10/25/2022,492,7400
12/7/2022,494,600
12/30/2022,492,16350
1/16/2023,493,1061.76
1/17/2023,491,100.04
6/11/2022,490,453775
11/11/2021,490,221010
10/8/2022,492,11570
5/19/2023,494,2270
2/18/2022,491,167.5
8/8/2022,493,232.04
1/7/2023,490,308290
2/2/2023,493,984.76
6/8/2023,491,254.52
1/10/2022,493,508.94
12/9/2021,494,2100
12/12/2021,491,208.62
6/30/2022,495,48.78
12/27/2022,495,46.94
8/18/2022,490,313148
5/8/2023,490,336557
5/25/2023,490,454017
10/15/2021,493,329.2
12/29/2021,491,307.32
1/30/2022,495,45.2
3/17/2023,491,147.1
5/22/2023,491,558.52
5/15/2022,493,135.82
9/18/2022,491,81.48
4/11/2023,493,1598.92
6/5/2023,494,300
4/11/2022,492,28540
9/13/2022,493,627.3
9/15/2022,494,500
2/5/2022,493,618.82
2/25/2022,495,83.76
3/16/2022,492,18320
1/10/2022,490,506751
11/16/2021,491,317.4
9/2/2021,492,2350
12/4/2022,492,6200
2/2/2023,490,280150
10/16/2021,490,208014
4/2/2022,493,1666.04
4/2/2022,491,86.82
9/19/2021,493,469.11
7/7/2022,490,397262
9/30/2022,490,542024
11/20/2022,492,9440
10/14/2022,490,416191
6/10/2022,493,819.26
10/11/2022,494,1100
12/21/2022,493,1308.9
12/22/2022,491,144.18
3/16/2023,493,1167.52
5/24/2022,492,14191
8/4/2022,494,1600
2/28/2023,493,43.06
7/23/2022,490,215969
4/12/2023,490,417662
1/23/2022,491,447.52
1/24/2022,491,111.7
11/28/2021,493,240.68
10/14/2022,491,356.83
1/2/2023,494,1400
4/12/2023,491,173.54
9/12/2022,492,3360
8/18/2022,493,1203.88
2/19/2022,490,389375
2/4/2022,494,400
3/18/2022,494,1900
3/19/2022,493,458.86
12/6/2022,494,1000
2/2/2023,491,183.96
2/3/2023,491,190.98
3/25/2023,492,15500
4/29/2022,490,308967
1/18/2022,492,10755
6/10/2022,490,315050
6/11/2022,491,180.7
4/14/2022,494,2300
12/12/2021,490,260158
10/9/2022,492,8780
12/21/2022,490,407843
12/22/2022,490,383313
10/17/2021,490,308263
4/2/2022,490,202009
4/3/2022,491,85.9
10/2/2021,494,550
9/20/2021,491,226.69
3/2/2023,493,244.36
6/17/2023,492,2860
4/4/2022,491,39.6
4/3/2022,493,907.82
7/22/2022,490,245334
7/22/2022,491,49.02
1/27/2023,492,15400
2/12/2023,492,15440
5/14/2022,490,400484
9/28/2022,490,443953
3/18/2022,490,399284
4/11/2023,490,424016
5/9/2023,493,645.2
5/9/2023,494,2140
5/8/2023,494,2650
5/8/2022,492,1300
5/9/2022,492,700
5/14/2022,491,223.44
5/25/2022,494,1020
2/28/2022,492,5390
10/15/2022,491,215.65
10/16/2022,491,149.79
1/4/2023,494,1000
4/10/2023,490,226920
3/30/2022,494,900
2/5/2022,494,400
10/26/2022,494,580
10/27/2022,494,660
11/19/2022,492,5590
12/7/2022,490,284257
6/1/2023,492,11245
8/7/2022,491,131.26
11/29/2021,493,549.9
4/28/2023,491,271.86
8/18/2022,494,1120
9/29/2022,491,276.24
2/21/2022,491,170.04
3/10/2022,491,159.4
8/11/2022,493,193.98
1/5/2023,491,101.22
9/18/2021,490,313416
3/26/2023,494,700
9/8/2021,494,900
10/1/2021,492,6870
10/18/2021,492,4460
11/4/2021,492,7330
12/25/2021,493,688.08
1/23/2022,495,90.56
11/21/2021,493,653.68
11/21/2021,492,7740
7/29/2022,492,5000
3/15/2023,492,14480
4/18/2023,493,1322.54
4/18/2023,492,4450
4/18/2022,490,405997
6/21/2022,492,150
9/29/2021,494,250
7/6/2022,494,2230
7/8/2022,492,940
7/25/2022,493,342.32
7/25/2022,492,6150
11/28/2022,491,138.66
2/26/2023,490,383351
6/4/2022,490,339640
5/5/2022,490,113233
6/8/2022,490,200680
4/14/2023,493,1612.74
4/13/2022,491,89.88
4/29/2022,494,1000
1/1/2023,491,466.2
1/23/2023,490,308346
2/9/2023,490,390418
3/11/2023,492,10620
6/4/2023,493,1182.58
12/8/2021,493,316.8
9/1/2022,493,586.32
1/19/2023,490,353162
2/20/2023,494,2500
3/9/2023,494,1700
5/18/2023,492,11270
5/18/2023,493,469.3
6/3/2023,495,96.53
7/2/2022,494,200
8/28/2022,493,969.3
10/17/2022,495,22.31
2/16/2023,494,2060
5/17/2023,495,98.94
4/1/2023,492,9110
4/26/2022,491,47.64
5/1/2022,490,34500
5/18/2022,490,382077
5/22/2022,490,451364
5/26/2022,490,401770
11/8/2021,492,8080
10/22/2021,492,5460
6/25/2022,492,9200
8/24/2022,493,442.04
2/26/2023,492,5000
3/22/2023,494,500
4/8/2023,494,2930
5/1/2023,493,45.14
5/22/2023,493,1092.4
6/7/2023,495,236
10/14/2021,492,7350
10/1/2021,490,237864
7/16/2022,492,1330
7/19/2022,494,500
9/14/2022,493,377.36
1/10/2023,490,346061
1/27/2023,490,319113
6/8/2022,492,22140
1/6/2022,495,229.38
1/7/2022,493,509.66
1/10/2022,495,90.14
12/4/2021,493,268.72
3/5/2023,494,500
5/5/2023,493,416.04
9/14/2021,490,568332
2/8/2022,491,150.6
12/21/2021,493,989.3
10/5/2021,492,4250
12/11/2022,491,198.74
1/18/2023,491,116.28
3/19/2023,492,9360
5/31/2023,492,12370
1/14/2022,495,46.68
11/17/2021,493,433.18
2/25/2022,491,125.96
12/28/2022,491,385.14
3/2/2023,492,13180
5/21/2023,495,98.24
8/7/2022,493,130.44
1/6/2023,490,294466
4/5/2023,492,11450
1/14/2023,491,95.58
2/13/2023,490,337428
6/6/2022,494,1200
5/26/2022,492,8040
5/26/2022,491,70.18
10/31/2021,492,23880
9/5/2021,492,1150
6/29/2022,493,984.82
6/29/2022,492,2960
8/2/2022,493,713.8
8/3/2022,492,6760
9/27/2022,493,755.28
12/24/2022,490,328115
1/10/2023,491,526.42
2/18/2023,490,457966
3/6/2023,492,27893
3/23/2022,490,462691
7/4/2022,490,223553
5/31/2022,490,719196
10/14/2021,490,358824
5/25/2023,495,146.86
6/11/2023,495,94.36
6/13/2023,492,20447
10/9/2021,492,25050
4/3/2022,494,400
1/19/2022,495,44.66
1/20/2022,493,722.38
9/6/2022,493,1048.84
3/19/2023,493,1252.36
4/5/2022,491,91.12
11/2/2022,491,107.66
2/11/2023,494,900
5/9/2022,490,45924
8/24/2022,492,27130
3/24/2023,490,420750
11/12/2021,493,875.46
12/11/2021,492,9260
8/6/2022,494,3000
10/18/2022,491,237.47
12/26/2022,493,486.22
1/29/2023,493,1018.18
3/5/2023,493,855.34
4/15/2023,490,337673
1/29/2022,492,10650
5/12/2022,492,200
2/7/2023,492,13350
7/3/2022,494,400
1/31/2022,492,20355
4/14/2022,491,89.44
4/16/2022,491,75.3
10/10/2022,490,292079
10/12/2022,490,237326
3/14/2023,490,239721
3/12/2023,490,362090
2/17/2022,492,16010
2/17/2022,494,1500
1/5/2023,490,324793
9/17/2021,490,398677
11/7/2021,492,6400
11/24/2021,492,11880
12/28/2021,490,221096
9/11/2022,494,1300
9/15/2022,493,333.28
9/17/2022,493,691.48
11/7/2022,493,189.4
12/19/2022,490,269605
12/11/2021,490,375585
3/12/2023,492,17740
10/4/2021,490,200405
6/7/2023,494,200
10/2/2021,492,10170
10/2/2022,493,433.46
10/3/2022,491,117.26
12/9/2022,493,1136.96
12/11/2022,493,513.08
2/23/2023,492,17470
6/2/2023,495,135.78
4/26/2022,494,1900
11/22/2021,492,10240
11/13/2022,490,330080
3/31/2023,490,398946
5/4/2023,492,2890
9/9/2021,493,600.8
9/10/2021,495,42.08
1/26/2022,495,47.12
11/24/2022,493,895.54
5/21/2023,492,11250
5/13/2022,494,500
5/15/2022,494,500
1/3/2023,492,16110
1/3/2023,490,247746
2/8/2023,492,9010
5/2/2023,492,2790
7/5/2022,494,700
4/9/2022,492,22530
4/15/2022,493,735.33
2/17/2022,490,476830
10/19/2021,490,247420
8/20/2022,490,433735
10/10/2022,492,7690
12/19/2022,492,13995
8/3/2022,490,224677
5/29/2022,490,377390
10/29/2022,490,388270
12/9/2021,492,10760
5/9/2023,491,202.38
8/31/2021,492,21654
10/2/2021,490,123030
6/7/2023,490,309874
2/19/2022,494,1400
2/22/2022,491,146.84
2/5/2022,491,267.34
11/16/2021,493,584.68
9/23/2022,492,7310
11/23/2022,491,184.1
1/31/2023,493,872.38
9/17/2021,492,6670
2/2/2022,494,2620
8/31/2022,493,2035.8
1/20/2023,490,385329
12/22/2022,494,1345
2/17/2023,493,1222.44
5/14/2023,495,141.52
4/24/2022,492,16220
11/24/2021,494,1600
10/30/2021,493,484.78
9/5/2021,491,173.02
12/2/2022,492,5650
3/4/2023,491,280.2
5/6/2023,494,600
5/26/2023,491,82.16
5/23/2023,494,700
12/1/2021,491,75.8
10/22/2022,495,49.78
5/21/2023,490,341169
5/11/2022,492,100
7/25/2022,491,34.86
10/13/2022,494,250
11/22/2022,493,1121.7
4/17/2022,493,560.86
4/1/2022,493,609.44
3/20/2022,490,381920
2/14/2022,492,11346
1/22/2022,493,670.74
12/25/2021,490,210660
7/17/2022,492,3010
7/19/2022,492,6940
12/19/2022,494,1920
12/21/2022,494,960
2/26/2023,494,2000
5/28/2022,490,419568
5/13/2022,490,284041
3/6/2022,490,193365
5/10/2023,493,274.54
5/11/2023,493,680.5
5/12/2022,490,38981
6/5/2023,490,272196
2/7/2022,493,513.06
11/14/2021,491,291.14
11/14/2021,493,88.74
11/15/2021,491,42.72
9/24/2022,492,4755
12/5/2022,494,700
2/3/2022,494,2600
11/30/2021,493,773.96
9/19/2021,494,200
9/30/2022,491,338.04
12/8/2022,491,166.64
12/10/2022,491,140.46
7/18/2022,492,250
10/12/2022,494,350
12/24/2022,491,263.28
3/14/2023,494,750
9/3/2021,494,200
9/6/2021,491,299.63
9/7/2021,491,133.2
9/7/2021,493,583.65
9/8/2021,491,381.01
9/26/2022,492,2320
2/16/2023,491,182.46
7/3/2022,492,10550
5/7/2023,494,50
9/22/2021,491,95.29
11/13/2021,493,588.86
11/30/2021,491,211.12
3/4/2022,490,17600
3/3/2023,491,40.26
5/10/2022,492,300
4/16/2022,493,586.63
4/17/2022,491,173.48
2/15/2022,492,23765
2/18/2022,494,1100
1/23/2022,493,868.7
12/26/2021,490,232751
10/18/2021,490,239765
7/15/2022,495,120.81
9/16/2022,491,104.8
12/17/2022,492,8438
12/20/2022,494,3960
2/25/2023,492,15900
5/27/2022,490,342270
8/4/2022,490,286833
8/5/2022,490,277544
10/27/2022,490,418076
10/13/2022,490,351930
3/28/2023,490,398966
9/20/2021,493,358.38
9/21/2021,491,183.74
9/1/2022,490,247789
9/30/2022,493,843.32
10/25/2022,494,420
1/19/2023,493,780.08
11/10/2021,492,15865
11/28/2021,490,447093
11/9/2022,490,418952
12/7/2021,492,5100
6/2/2023,492,7575
5/23/2022,492,16120
1/9/2022,493,772.12
8/3/2022,494,300
11/11/2022,493,1455.36
5/24/2023,493,907.36
6/13/2023,495,96.3
9/29/2021,492,2270
11/1/2021,493,543.22
11/2/2021,491,118.62
1/21/2022,494,400
1/29/2022,495,90.74
7/31/2022,492,6490
8/1/2022,492,4360
10/20/2022,495,68.9
11/25/2022,491,212.44
3/1/2023,490,55118
5/14/2022,493,138.12
5/15/2022,491,48.18
9/17/2022,491,107.46
2/10/2023,492,30830
4/12/2023,493,1130.52
6/7/2023,491,117.85
7/22/2022,493,265.1
7/23/2022,491,37.32
2/11/2023,492,8150
5/9/2023,490,287767
9/29/2022,493,1056.65
2/13/2023,494,2350
2/14/2023,494,1280
3/24/2022,493,698.8
3/24/2022,492,14130
3/28/2022,492,12475
6/16/2022,495,47.52
3/1/2022,494,800
2/5/2022,490,231575
1/19/2022,490,306715
8/14/2022,491,289.1
8/31/2022,491,276.12
10/26/2022,490,414990
11/29/2021,490,543500
8/19/2022,490,320693
10/9/2022,490,204109
11/8/2022,492,10040
1/2/2022,490,101135
12/16/2021,490,364890
2/18/2022,492,17650
3/7/2022,492,5375
3/7/2022,493,847.14
1/13/2022,494,2300
9/22/2022,490,337596
2/1/2023,493,1069.4
4/27/2022,493,1177.86
2/1/2022,492,9560
12/11/2021,491,248.78
10/16/2022,494,550
9/18/2022,490,286685
5/4/2023,491,174.26
5/8/2023,491,181.02
5/26/2023,490,431150
6/12/2023,490,346389
10/21/2021,491,518.2
1/30/2022,494,1300
11/7/2021,491,105.84
11/11/2021,491,133.02
11/25/2022,492,14590
11/25/2022,493,855.06
4/17/2023,491,205.7
11/2/2022,494,250
12/16/2022,493,1179.14
12/16/2022,492,10150
4/10/2022,493,1008.95
11/6/2022,494,600
11/29/2022,492,10350
12/12/2022,493,623.24
2/18/2022,490,346130
2/22/2022,493,1157.62
2/16/2022,494,800
2/12/2022,494,200
3/11/2022,493,566.7
11/20/2021,491,132.38
12/3/2022,493,907.22
3/20/2022,492,11380
3/28/2022,493,600.84
3/3/2022,492,1260
1/19/2022,492,9265
12/20/2021,490,274090
10/1/2022,490,253356
10/5/2022,490,363988
10/22/2022,490,271532
10/24/2022,494,100
11/21/2022,492,15630
12/12/2022,492,19380
11/8/2022,490,250229
8/6/2022,490,290093
1/6/2022,490,464854
12/3/2021,490,307650
4/14/2022,493,795.08
4/4/2023,491,232.58
6/8/2023,490,356509
1/9/2022,494,900
11/24/2021,491,114.22
6/29/2022,495,47.44
11/12/2022,493,758.32
11/3/2021,491,44.72
1/26/2022,494,1400
11/28/2021,491,162.28
8/1/2022,491,72.92
10/20/2022,494,650
12/29/2022,492,12174
3/18/2023,491,178.04
4/6/2022,492,16600
6/6/2023,494,4000
4/10/2022,492,2500
11/29/2022,493,1184.06
6/10/2023,494,1700
8/18/2022,491,44
2/14/2023,493,1261.04
11/16/2021,490,331632
4/19/2022,493,1009.4
4/2/2022,492,3660
2/14/2022,490,556324
1/23/2022,492,13582
7/19/2022,491,42.26
7/24/2022,490,183236
8/21/2022,494,1300
8/23/2022,490,371616
9/13/2022,490,142617
11/3/2022,492,7150
12/20/2022,493,1020.96
1/7/2023,493,1556.84
2/27/2023,493,603.14
1/11/2022,490,362873
12/7/2021,490,179600
4/23/2022,492,13440
10/18/2022,490,236189
1/6/2022,492,9815
5/23/2022,493,481.7
1/4/2022,494,800
8/23/2022,491,47.56
10/13/2022,492,7110
11/21/2022,490,305413
4/30/2023,490,413721
5/24/2023,494,1900
6/3/2023,490,234403
12/14/2021,494,800
10/29/2021,491,74.3
6/15/2022,491,160.36
3/3/2022,490,40765
11/20/2022,493,421.46
12/8/2022,492,9820
4/8/2023,491,77.92
6/3/2023,491,209.34
2/26/2022,492,4587
2/9/2022,493,790.7
3/15/2022,493,713.56
9/25/2021,491,667.21
9/2/2021,493,491.76
10/30/2022,493,722.78
12/3/2021,491,207.06
5/2/2023,493,234.02
5/3/2023,491,42.1
9/26/2021,494,400
8/10/2022,492,5930
10/4/2022,494,1000
12/11/2022,492,20157
2/4/2023,494,2900
2/21/2023,494,5340
5/19/2023,493,615.58
12/13/2022,492,9030
2/23/2022,492,19760
6/5/2022,490,427004
12/7/2021,493,692.26
12/8/2021,491,134.514
11/21/2021,491,204.12
9/4/2021,495,20.81
11/30/2022,493,1041.96
12/3/2022,491,78.6
12/26/2022,492,8210
1/13/2023,490,261941
3/4/2023,494,1800
12/17/2021,490,296536
10/4/2022,490,217090
1/3/2022,490,501983
9/28/2021,490,337689
4/17/2023,493,1342.5
6/8/2023,495,193.5
2/6/2022,492,12510
7/18/2022,491,35.1
11/16/2022,491,47
5/14/2023,490,190111
5/16/2023,491,337.82
9/11/2021,490,103040
10/8/2021,492,8300
10/23/2021,493,671.22
11/1/2021,492,8650
1/20/2022,495,91.4
11/9/2021,493,634.38
11/18/2021,492,20150
9/11/2022,493,869.58
10/21/2022,490,346097
4/18/2023,491,117.7
4/8/2022,491,145.2
4/11/2022,493,777.33
4/7/2022,493,555.54
10/6/2022,494,700
12/17/2022,493,836.36
1/9/2023,490,433268
5/29/2023,490,367011
8/25/2022,493,696.16
9/19/2022,494,1000
12/14/2022,491,115.66
2/9/2022,494,2060
10/29/2022,495,22.42
3/8/2023,494,1300
6/2/2023,491,394.36
12/9/2022,492,7910
12/31/2022,491,143.34
6/15/2023,490,461916
2/24/2022,494,2300
2/28/2022,491,71.82
2/13/2022,491,156.82
2/11/2022,490,429095
2/4/2022,495,88.42
11/16/2021,492,7650
9/23/2021,492,7200
9/26/2021,490,402117
9/21/2022,494,500
9/22/2022,493,790.92
9/24/2022,493,902.82
3/8/2023,490,333382
9/21/2021,492,12320
3/23/2023,490,354534
5/31/2023,490,536886
4/22/2022,493,506.58
4/25/2022,491,328.92
12/1/2021,492,10030
8/26/2022,490,473225
1/25/2023,493,1247.16
12/4/2021,490,193115
10/11/2021,490,228919
10/19/2022,490,262717
3/21/2023,494,600
5/22/2023,495,145.22
5/24/2023,495,48.82
4/3/2022,492,11920
1/24/2022,492,18350
7/15/2022,493,35.86
5/11/2023,492,10615
5/27/2023,494,750
11/17/2022,493,379.6
9/10/2022,491,199
12/27/2022,490,349632
12/29/2022,490,327568
3/3/2023,492,8120
3/18/2023,492,2650
7/1/2022,491,204.62
12/2/2022,493,883.74
6/13/2023,494,3700
7/3/2022,491,242.72
5/13/2023,492,4930
2/20/2022,490,347560
3/9/2022,490,350877
3/9/2022,492,13200
1/11/2022,494,800
9/12/2021,493,646.2
9/20/2022,490,407113
2/3/2023,492,12290
2/3/2023,493,904.1
12/31/2021,490,134650
4/29/2022,492,8710
4/29/2022,493,1475.86
5/16/2022,493,277.02
3/26/2022,492,18160
11/9/2021,491,232.6
11/10/2021,490,431347
10/23/2021,491,116.78
6/26/2022,491,46.54
6/2/2022,493,140.72
6/9/2022,491,134.68
9/19/2022,491,252.9
11/21/2022,494,500
12/14/2022,493,710.48
12/14/2022,492,19135
8/17/2022,490,456684
11/27/2021,490,452337
12/14/2021,490,463692
10/7/2022,490,247241
10/24/2022,490,81641
2/3/2022,490,270150
5/1/2023,494,1050
5/23/2023,491,430.22
5/24/2023,490,365240
6/4/2023,494,550
4/6/2022,494,700
4/12/2022,492,16456
4/12/2022,493,1034.18
3/20/2022,494,2100
12/30/2021,491,95.36
9/14/2022,494,1600
11/4/2022,494,200
11/27/2022,492,9770
11/27/2022,493,1045.28
2/10/2023,491,296.78
7/31/2022,490,460187
5/7/2023,490,294663
6/10/2023,490,397489
11/10/2022,492,12130
2/20/2023,493,845.72
5/18/2023,494,3660
12/31/2021,492,6380
1/16/2022,491,294.86
1/17/2022,492,5465
1/28/2022,494,500
11/26/2021,491,171.04
9/2/2022,491,156.52
10/1/2022,494,800
10/24/2022,492,5450
12/31/2022,493,1846.02
1/17/2023,492,11780
4/20/2023,490,419155
10/18/2022,494,350
5/6/2023,491,49.34
8/16/2022,491,129.52
4/2/2023,491,300.96
9/13/2021,492,13650
9/19/2021,490,309687
9/30/2021,492,8500
10/6/2021,490,84664
3/27/2022,492,27400
5/11/2023,491,115.86
5/30/2023,495,184.48
6/6/2023,490,352177
2/6/2022,493,407.82
2/6/2022,491,430.76
2/7/2022,491,319.88
11/29/2021,491,209.2
2/26/2022,495,45.52
2/12/2022,495,43.7
11/15/2021,493,619.42
9/12/2021,495,49.4
9/15/2021,492,9050
12/3/2022,492,4700
12/8/2022,493,563.4
4/26/2023,493,70.7
10/3/2021,490,153058
4/28/2022,494,2300
12/9/2022,491,148.72
5/19/2023,492,8790
5/16/2023,495,90.92
4/25/2022,492,3050
4/26/2022,492,14774
12/11/2021,494,700
9/6/2021,493,999.33
9/25/2022,492,5000
9/27/2022,494,560
2/15/2023,493,1685.44
2/16/2023,493,1081.52
3/29/2023,490,255252
5/5/2023,492,5700
9/13/2021,495,113.17
11/26/2021,494,560
3/5/2022,490,24852
3/2/2023,491,457.28
5/21/2023,494,2900
5/22/2023,494,4050
9/28/2022,494,200
11/16/2022,490,350669
2/18/2023,493,1268.42
3/15/2023,490,345480
6/8/2023,492,17900
10/22/2021,490,395035
3/22/2022,494,1600
12/8/2021,492,4550
2/4/2022,491,235.96
1/15/2022,492,12080
1/18/2022,491,249.38
7/8/2022,493,95
10/1/2022,493,760.18
10/22/2022,493,716.36
1/19/2023,492,19840
2/5/2023,492,20260
2/22/2023,492,15330
11/25/2021,490,393672
11/12/2022,490,414733
8/2/2022,490,293174
11/8/2021,490,321684
12/12/2021,492,8130
2/13/2022,495,40.96
5/18/2022,493,285.72
5/21/2022,491,48.46
8/9/2022,494,300
12/3/2022,490,198633
4/8/2022,494,1100
12/29/2021,492,7520
11/8/2022,493,868.62
6/7/2022,491,85.9
4/25/2022,494,600
8/26/2022,494,1500
10/18/2022,493,836.22
4/16/2023,494,2361
5/5/2023,490,380903
5/22/2023,490,315773
5/25/2023,491,133
9/10/2021,493,778.62
9/14/2021,492,4850
5/22/2023,492,14000
1/2/2023,490,205026
11/7/2022,495,23.34
4/10/2022,490,252748
4/12/2022,494,2400
4/18/2022,493,855.14
6/20/2022,491,87.88
5/31/2022,492,6250
3/24/2022,490,416802
1/22/2022,491,364.18
7/7/2022,491,174.62
7/16/2022,490,214649
7/16/2022,495,72.93
7/20/2022,490,399219
8/19/2022,492,8840
8/22/2022,494,500
9/12/2022,494,500
10/5/2022,493,958.52
11/29/2022,490,387108
12/18/2022,494,3800
12/20/2022,490,390400
2/12/2023,494,2500
6/12/2022,490,377482
6/29/2022,490,352973
3/7/2022,490,130105
10/5/2021,490,88905
5/12/2023,491,163.32
6/12/2023,493,571.82
2/20/2022,494,3260
9/26/2021,491,202.98
3/7/2023,493,1183.9
3/24/2023,493,1446.94
9/9/2021,491,214.56
3/26/2022,494,400
10/25/2022,495,24.19
10/14/2022,492,7160
5/18/2023,490,268017
5/20/2023,494,1400
6/4/2023,490,411263
6/4/2023,492,10430
12/15/2021,491,128.36
4/27/2022,492,8010
1/5/2022,491,309.78
11/25/2021,492,12852
8/2/2022,492,2310
8/5/2022,494,1200
3/3/2023,493,1084.78
10/21/2022,495,93.6
11/24/2022,491,309.58
5/14/2022,492,10920
9/18/2022,493,593.68
12/16/2022,490,405310
1/2/2023,492,5249
1/23/2023,492,14515
2/9/2023,492,7600
4/10/2023,493,1051.84
5/3/2023,494,200
6/3/2022,491,149.22
4/6/2022,490,219045
7/20/2022,492,5170
9/12/2022,491,342.72
11/28/2022,495,47.14
12/20/2022,492,10125
1/26/2023,494,3100
2/12/2023,491,435.04
2/25/2023,494,1300
4/27/2022,490,294408
5/30/2022,490,396156
8/7/2022,490,246213
1/27/2022,490,504509
7/3/2022,490,199818
10/27/2022,492,11605
4/14/2023,490,365337
5/29/2023,491,227.14
3/2/2022,490,49500
2/10/2022,493,1192.46
2/9/2022,491,122.7
3/19/2022,492,15535
10/28/2022,494,400
12/7/2022,491,344.62
1/5/2023,494,1900
3/6/2023,491,48.48
3/29/2022,493,646.36
5/27/2022,492,14330
1/18/2022,494,700
10/9/2021,491,335.68
11/20/2022,491,45.7
3/20/2023,493,1136.32
4/9/2023,491,188.3
4/20/2023,494,560
12/15/2021,494,2000
12/16/2021,493,444.62
10/27/2021,493,335.76
11/17/2022,492,6450
9/26/2022,491,143.94
11/11/2022,494,800
12/2/2022,494,200
1/11/2023,492,22100
1/28/2023,493,952.88
3/5/2023,491,37.84
6/14/2023,494,1000
5/13/2023,491,293.08
2/21/2022,494,900
2/5/2022,492,27020
3/2/2022,493,89.8
3/11/2022,492,4790
3/14/2022,494,700
3/16/2022,490,491983
8/10/2022,491,46.1
9/24/2022,494,900
10/29/2022,494,250
10/31/2022,490,256108
12/4/2022,490,340811
3/26/2023,491,118.46
6/1/2023,494,1960
3/27/2022,494,800
1/17/2022,494,2200
12/24/2021,491,186.44
10/8/2021,491,201.1
7/11/2022,490,141720
9/5/2022,490,146992
10/26/2022,492,9150
11/19/2022,494,1500
2/20/2023,491,232.7
11/24/2021,490,387360
11/3/2021,490,233860
12/29/2021,490,416518
2/1/2022,490,138031
1/6/2022,491,259.56
6/28/2022,491,347.38
9/26/2022,490,318404
10/17/2022,493,644.04
12/25/2022,493,1044.82
3/12/2023,493,1469.84
4/15/2022,492,3200
12/16/2021,491,133.22
11/16/2022,492,6150
12/21/2022,492,16060
5/13/2023,490,198470
12/27/2021,494,600
1/27/2022,493,1026.58
9/9/2021,495,21.78
5/21/2023,491,165
6/16/2023,490,188757
1/2/2023,493,970.5
1/24/2023,492,16110
4/6/2022,493,448.54
7/6/2022,491,172.2
9/13/2022,491,345.22
5/11/2023,494,2470
1/15/2023,493,943.68
10/21/2021,490,442915
3/23/2022,494,1100
3/29/2022,490,382975
1/14/2022,492,14460
1/19/2022,491,174.22
9/16/2021,491,146.57
8/14/2022,490,261224
10/4/2022,493,1116.99
10/4/2022,492,4871
10/5/2022,491,79.24
10/22/2022,491,132.29
12/11/2022,494,1600
1/20/2023,492,6950
2/6/2023,493,1152.56
2/6/2023,492,7250
2/23/2023,493,889.52
10/25/2021,490,389731
12/28/2021,492,6130
3/12/2022,490,331211
4/21/2023,490,229630
2/23/2022,490,515640
6/6/2022,491,106.1
11/22/2021,494,500
6/28/2022,490,399030
11/30/2022,490,610887
7/28/2022,490,170853
5/25/2023,492,8100
6/12/2023,491,469.24
4/4/2023,490,386709
9/11/2021,493,760.72
9/28/2021,493,757.44
1/31/2022,493,836.38
6/18/2022,493,910.08
9/11/2021,492,350
10/21/2022,493,655.15
5/15/2022,492,14760
5/19/2022,492,8730
6/1/2022,493,199.1
8/25/2022,494,2000
9/17/2022,492,4240
12/17/2022,490,385174
2/7/2023,491,195
2/24/2023,491,325.82
5/2/2023,494,1400
8/8/2022,494,300
3/25/2023,493,841.44
4/28/2023,494,1400
4/9/2022,494,380
9/25/2021,490,470568
6/14/2022,492,18120
10/7/2021,492,9190
10/12/2021,491,108.58
3/9/2023,490,426684
4/7/2022,490,191572
4/24/2022,490,793766
11/20/2021,490,303793
1/28/2022,490,492437
7/2/2022,490,427063
11/4/2022,490,287345
12/2/2021,492,6530
3/21/2023,493,902.6
4/20/2023,493,1309.06
5/17/2023,490,268921
12/7/2021,491,128.56
9/7/2021,492,1150
7/1/2022,493,385.9
7/2/2022,491,218.92
9/20/2022,494,1400
11/15/2022,494,1500
12/25/2022,492,8170
1/11/2023,493,660.22
1/12/2023,491,907.68
1/12/2023,490,290753
3/4/2023,492,18000
9/9/2022,490,313628
5/28/2023,494,200
2/20/2022,495,87.76
12/18/2021,494,1500
11/16/2022,493,192.4
11/17/2022,491,43.12
10/23/2021,494,800
10/24/2021,493,278.4
2/25/2022,494,500
2/26/2022,493,322.04
9/8/2022,493,769.66
9/9/2022,491,173.9
4/19/2022,492,16440
10/30/2022,492,5415
1/23/2023,494,3720
3/22/2023,491,80.2
2/14/2022,491,207.14
8/22/2022,492,9050
5/10/2023,495,194.98
2/9/2022,492,16060
4/2/2023,494,2800
6/15/2023,493,1451.26
9/12/2021,490,144073
10/20/2021,492,6800
3/25/2022,490,367185
1/15/2022,490,426066
12/19/2021,493,668.78
12/20/2021,491,171.78
10/11/2021,493,283.1
7/15/2022,490,252348
9/4/2022,492,4850
12/30/2022,491,258.78
11/7/2021,490,226896
11/12/2022,492,7160
12/15/2021,492,11650
3/20/2023,494,1260
4/23/2022,493,1179.62
4/24/2022,491,270.08
5/7/2022,490,101927
2/2/2022,492,9760
2/4/2022,490,258730
1/16/2022,492,5300
12/24/2021,494,700
9/18/2021,491,142.05
7/7/2022,493,744.54
9/2/2022,490,185990
9/3/2022,491,244.5
9/30/2022,494,500
10/23/2022,492,8510
12/9/2022,494,1000
1/18/2023,493,1146.16
2/4/2023,493,1139.86
11/11/2022,490,422278
4/13/2022,490,419140
6/9/2022,490,306538
11/26/2021,492,13200
8/16/2022,490,416303
3/10/2023,492,12700
12/13/2021,490,255135
6/3/2023,494,2560
2/14/2022,495,131.44
2/15/2022,494,2900
10/17/2021,493,216.9
10/6/2022,492,9560
11/5/2022,494,600
6/26/2022,490,313456
3/27/2023,493,1445.86
3/27/2023,492,6800
4/13/2023,493,1117.02
4/13/2023,494,600
5/29/2023,495,145.02
6/10/2023,491,294.86
6/9/2023,493,876.52
2/19/2022,493,847.7
2/20/2022,491,90.1
12/14/2021,491,69.52
3/16/2023,490,367589
11/3/2021,493,239.1
12/7/2021,494,560
1/10/2022,494,1800
1/28/2022,495,224.72
3/8/2022,493,324.66
5/17/2022,493,296.16
12/15/2022,492,6930
1/1/2023,492,15541
5/24/2023,491,328.78
5/6/2023,492,2300
6/3/2022,492,27220
8/17/2022,491,192.74
11/9/2022,493,1273.68
3/1/2022,492,31185
9/5/2021,490,46840
10/5/2021,491,198.01
10/18/2021,493,643.62
10/31/2021,490,593706
10/31/2021,493,451.78
11/1/2021,491,117.36
12/13/2021,493,772.74
12/13/2021,491,123.36
12/21/2021,492,8920
11/9/2021,492,13945
3/6/2022,491,367.64
9/11/2022,492,5902
3/16/2023,491,212.3
5/23/2023,490,219625
6/20/2022,492,650
3/19/2022,490,454190
8/19/2022,493,194.12
4/30/2022,490,595527
9/29/2022,490,452518
11/10/2022,490,384658
3/27/2023,494,2650
3/24/2023,492,12320
4/30/2022,493,242
10/14/2022,493,548.41
11/22/2022,494,2000
1/3/2023,494,3740
5/23/2023,493,755.56
9/2/2022,493,913.86
12/31/2022,492,18160
1/18/2023,490,220965
3/13/2023,494,2120
2/20/2022,493,739.46
1/6/2023,491,144.74
2/1/2023,490,256025
11/10/2022,493,651.92
12/22/2022,493,1025.94
12/23/2022,491,67.5
7/4/2022,492,12500
10/27/2021,490,455585
11/13/2021,492,5600
4/5/2022,490,136036
6/21/2022,490,73134
3/23/2022,491,219.16
12/30/2021,493,1018.24
7/21/2022,492,1890
12/19/2022,491,172.8
4/26/2022,490,424992
6/13/2022,490,283173
6/16/2022,492,28500
3/11/2023,490,499313
3/28/2023,492,12925
5/27/2023,493,1234.39
5/13/2022,492,4540
9/19/2022,493,529.88
1/1/2023,490,316659
1/23/2023,491,183.54
2/24/2023,494,2920
4/9/2023,493,1059.54
5/1/2023,492,4320
5/4/2023,494,1660
9/18/2021,492,4300
9/23/2021,490,469795
3/31/2022,491,169.74
5/29/2022,494,3060
2/2/2022,493,490.34
8/11/2022,492,5069
8/15/2022,493,1080.48
12/11/2022,490,412396
2/3/2023,494,2820
2/5/2023,490,365579
2/21/2023,492,6960
6/8/2022,491,164.86
2/1/2022,495,45.1
12/4/2021,492,900
11/25/2021,493,475.72
9/26/2022,495,48.38
11/15/2022,491,45.1
3/31/2023,494,3420
9/26/2021,492,5200
11/4/2021,493,618.1
1/13/2022,491,51.24
1/31/2023,492,6570
6/16/2023,495,43.07
6/17/2023,493,335.25
10/30/2022,495,46.89
10/10/2022,493,730.74
2/13/2023,491,98.34
4/1/2023,493,1281.48
5/9/2022,491,43.26
1/3/2022,493,756.9
1/30/2022,490,410666
6/28/2022,494,1900
7/28/2022,494,500
8/25/2022,490,510417
10/15/2022,492,8980
11/2/2022,490,214515
1/25/2023,494,3320
4/9/2022,490,370710
12/5/2021,490,74657
6/30/2022,490,771720
9/22/2021,492,8615
9/27/2021,490,350475
3/1/2022,491,139.46
2/7/2022,492,8755
11/30/2021,492,11020
10/8/2021,494,800
7/16/2022,493,87.54
7/17/2022,491,80.54
10/26/2022,495,45.59
11/18/2022,493,996.02
11/19/2022,491,263.56
3/7/2023,490,401760
6/1/2023,491,161.02
12/5/2021,491,287.72
9/22/2022,494,300
11/30/2022,494,1000
1/27/2023,491,164.16
8/20/2022,492,9150
6/7/2022,495,96.56
6/8/2022,493,430.68
1/6/2022,493,883.9
12/2/2021,491,288.44
10/30/2021,491,229.72
9/4/2021,491,371.57
6/30/2022,492,8850
9/25/2022,494,800
9/27/2022,492,19750
10/17/2022,491,237.71
12/27/2022,491,103.96
5/26/2023,493,1217.1
11/10/2021,494,1500
9/9/2022,492,4840
3/17/2023,494,4250
8/31/2021,494,400
6/16/2023,493,592.52
4/22/2022,492,12630
2/13/2023,493,1267.82
11/5/2021,492,11790
12/30/2021,490,541308
10/17/2021,492,6200
10/8/2022,490,297630
2/10/2023,490,639284
2/25/2023,490,376308
9/6/2022,490,104166
9/21/2022,490,250764
9/23/2022,490,370870
1/16/2022,490,264684
2/19/2022,492,12010
8/31/2021,490,580358
3/10/2022,493,871.64
3/11/2022,491,73.14
3/8/2022,492,9570
9/15/2021,490,932045
8/10/2022,493,48.82
10/19/2021,492,5570
3/26/2022,491,41.4
3/27/2022,493,648.66
3/28/2022,491,91.68
3/30/2022,491,88.48
6/16/2022,494,900
5/30/2022,494,2000
8/12/2022,493,48.66
8/15/2022,491,87.52
12/30/2022,493,534.2
2/23/2023,494,4000
4/17/2023,492,6051
8/29/2022,493,1022.16
1/22/2023,490,390335
4/3/2023,491,151.34
1/9/2022,495,43.78
9/8/2021,495,89.59
8/27/2022,493,1000.34
3/29/2023,492,7822
3/31/2023,492,14720
4/15/2023,492,6610
10/21/2021,492,4310
1/29/2022,494,2000
7/29/2022,491,36.38
12/28/2022,493,806.72
6/17/2023,495,21.61
7/27/2022,491,34.12
6/1/2022,494,700
1/24/2023,490,413101
12/13/2022,493,707.88
10/4/2021,492,8310
3/23/2022,492,17420
6/14/2022,494,2000
1/14/2022,490,427330
1/16/2022,494,1000
8/11/2022,491,45.62
8/14/2022,493,556.22
2/6/2023,490,396949
2/23/2023,490,442927
1/31/2022,490,806293
11/11/2022,492,20350
3/10/2023,490,491286
3/6/2022,492,16700
3/21/2023,491,255.2
6/1/2023,493,1090.02
6/4/2023,495,143.86
2/26/2022,491,247.62
5/17/2022,494,1320
1/12/2022,494,400
4/30/2023,492,2896
4/12/2022,491,219.78
1/24/2022,495,43.08
7/22/2022,492,4380
8/23/2022,492,13250
11/3/2022,494,200
11/28/2022,492,7990
1/10/2023,493,939.62
4/21/2022,490,346338
8/24/2022,490,375155
9/10/2022,490,156152
6/28/2022,492,14570
4/13/2023,492,12060
6/9/2023,494,1500
6/11/2022,492,9280
8/28/2022,491,340.98
1/22/2023,494,3720
3/16/2023,492,7480
5/15/2023,493,324.28
12/3/2021,493,376.4
10/17/2022,494,550
10/7/2021,494,800
10/24/2021,491,296.06
11/10/2021,491,190.06
7/28/2022,493,384.14
5/8/2022,490,36684
2/8/2023,494,200
6/3/2022,494,1400
1/14/2023,493,1184.94
4/2/2023,492,16840
4/5/2022,492,11500
4/8/2022,490,146860
6/18/2022,490,249097
2/13/2022,490,355195
10/13/2021,491,91.14
11/3/2022,491,83.77
11/5/2022,491,91.22
1/8/2023,492,7430
1/9/2023,494,1200
1/27/2023,493,1056.1
4/23/2022,490,296358
6/16/2022,490,409280
1/26/2022,492,17880
12/6/2021,490,213005
5/30/2023,493,850.34
6/11/2023,494,2500
2/27/2022,493,547.46
2/25/2022,493,407.72
3/11/2022,494,4240
3/14/2022,493,1285.24
10/29/2022,492,9950
10/31/2022,492,5795
1/6/2023,492,10660
5/31/2023,491,421.52
5/29/2022,492,6910
12/19/2021,491,172
12/20/2021,493,548.56
12/21/2021,491,377.4
10/10/2021,493,323.43
10/11/2021,491,114.15
9/5/2022,492,1200
9/6/2022,494,200
2/21/2023,490,270011
3/19/2023,494,4200
4/6/2023,493,762.46
4/7/2023,491,305.76
6/13/2022,492,8550
12/18/2021,493,532.82
10/25/2021,493,1099.16
11/16/2022,494,500
4/4/2023,493,969.6
5/16/2023,490,223454
5/22/2022,493,237.66
8/6/2022,492,2860
8/26/2022,491,137.26
11/14/2022,494,1420
1/11/2023,491,613.38
1/13/2023,491,198.44
6/14/2023,493,1543.91
10/22/2021,494,800
1/24/2023,494,2000
5/1/2023,490,228896
6/15/2023,491,166.83
1/11/2022,492,17250
1/2/2022,493,94.04
5/18/2022,494,2100
10/25/2021,491,145.14
6/27/2022,492,11820
8/26/2022,493,974.84
1/25/2023,490,464146
3/22/2023,490,339720
5/3/2023,493,611.04
5/23/2023,495,96.92
6/30/2022,494,3260
8/27/2022,491,192.36
1/10/2023,494,400
2/22/2022,492,7620
11/17/2022,490,359793
5/15/2023,494,1200
5/17/2023,491,92.5
11/5/2021,494,800
6/19/2022,491,171.98
3/10/2022,494,2200
2/27/2022,491,76.82
9/7/2022,494,1500
12/29/2022,493,925.58
3/17/2023,492,9730
2/13/2022,493,430.26
11/3/2022,493,853.82
11/4/2022,491,158.25
1/7/2023,492,8776
5/12/2023,492,8660
5/30/2023,490,398691
3/8/2023,493,1131.58
11/10/2022,495,0
5/22/2022,494,200
5/23/2022,494,520
3/31/2022,492,20240
12/2/2021,490,261826
10/29/2021,492,4840
9/8/2021,490,183690
6/30/2022,491,69.08
9/25/2022,493,692.38
11/15/2022,493,1139.54
12/26/2022,490,382742
1/29/2023,490,425256
2/15/2023,492,13338
3/5/2023,490,460516
11/5/2022,490,343470
5/28/2023,492,8060
1/21/2022,492,22580
1/22/2022,492,19290
6/14/2022,491,264.7
4/18/2022,494,2300
12/19/2021,492,7710
7/18/2022,493,147.28
10/11/2022,493,741.66
9/24/2021,490,391330
9/25/2021,492,16145
1/28/2022,491,442.64
11/14/2021,492,3740
2/3/2022,495,41.76
6/15/2022,493,907.44
3/4/2022,491,252.6
2/27/2022,494,800
7/30/2022,494,500
9/7/2022,493,1087.88
1/30/2023,490,407914
4/7/2022,491,42.36
8/21/2022,493,840.1
8/22/2022,493,851.74
12/19/2022,493,1177.38
5/29/2023,492,13985
6/10/2023,495,97.64
5/10/2022,491,83.84
5/11/2022,491,225.98
6/25/2022,494,200
11/22/2022,492,9560
10/2/2022,490,52055
3/21/2023,492,10140
3/22/2023,492,13070
5/1/2023,491,97.66
12/10/2022,490,334617
4/24/2023,492,2400
4/25/2023,492,1000
6/16/2023,494,800
10/28/2021,490,381541
12/1/2021,490,349674
1/24/2022,494,1500
10/1/2021,491,128.49
6/23/2022,492,1310
7/19/2022,493,252.88
11/6/2022,490,195782
12/18/2022,493,988.18
10/3/2022,490,218831
1/5/2022,490,326304
8/29/2022,490,437867
7/26/2022,490,199378
5/12/2023,490,295835
6/9/2023,495,185.44
2/2/2022,495,44.96
12/9/2021,491,162.48
9/2/2021,495,92.98
8/3/2022,491,40.2
10/19/2022,492,12533
11/14/2022,493,848.8
11/14/2022,491,85.88
12/27/2022,492,15950
2/17/2023,494,1400
3/4/2023,490,256785
6/14/2022,493,953
12/18/2021,492,6885
10/11/2022,491,84.21
1/22/2023,493,1114.12
2/25/2022,492,16950
9/16/2021,493,633.09
9/17/2021,493,540.31
10/21/2021,493,508.48
11/5/2021,491,77.22
12/21/2021,494,800
11/16/2021,494,3900
3/3/2022,491,606.98
9/6/2022,491,83.14
10/22/2022,494,900
11/26/2022,494,1100
5/20/2022,492,7170
6/26/2022,494,800
7/28/2022,492,1180
9/18/2022,494,500
11/23/2022,492,7225
2/6/2023,491,93.1
4/8/2023,490,258570
6/4/2023,491,214.28
12/30/2022,494,600
1/20/2022,490,411097
2/6/2022,490,317110
2/8/2022,490,457040
4/15/2022,490,434263
4/17/2022,490,367754
8/29/2022,492,11050
8/31/2022,492,4090
1/21/2023,491,103.92
6/7/2023,493,1038.67
6/5/2022,492,11800
6/7/2022,490,325089
6/7/2022,492,5220
12/9/2021,493,670.62
12/10/2021,491,510.9
3/13/2023,491,247.02
11/13/2021,490,144140
4/15/2023,493,1305.52
10/13/2021,494,500
10/15/2021,494,500
10/18/2021,491,34.7
10/20/2021,491,153.32
10/19/2021,493,652.6
11/1/2021,494,2900
11/4/2021,491,159.38
12/26/2021,493,854.18
1/12/2022,493,1309.88
10/3/2021,491,282.14
3/6/2022,493,946.02
3/12/2022,492,8510
5/21/2023,493,1492.22
6/22/2022,492,360
5/2/2022,490,400
10/31/2022,495,24.47
4/11/2023,494,2600
2/17/2022,493,513.74
8/19/2022,491,44.9
5/10/2023,490,216358
2/2/2023,494,3320
3/25/2023,494,1810
8/12/2022,492,10100
8/14/2022,492,4200
1/3/2022,491,461.18
1/29/2022,490,445560
10/24/2021,490,324170
8/24/2022,494,1500
11/1/2022,494,600
12/14/2022,490,325001
2/6/2023,494,1800
2/8/2023,490,239375
7/1/2022,490,144204
9/8/2022,490,304585
12/14/2021,492,27735
11/21/2021,490,361752
3/22/2023,493,1134.98
3/23/2023,491,149
5/3/2023,490,288236
11/3/2021,492,3000
6/18/2022,491,74.34
3/21/2022,492,14410
3/24/2022,494,500
1/22/2022,495,44.62
9/27/2021,493,483.83
8/21/2022,492,7210
10/7/2022,493,1557.51
11/4/2022,493,872.96
1/26/2023,491,357.68
8/8/2022,492,11710
3/12/2022,493,862.66
3/13/2022,491,96.6
1/14/2022,494,1500
9/13/2021,490,326788
10/6/2021,492,3250
8/13/2022,491,275.5
10/27/2022,495,45.59
11/18/2022,491,181.16
4/18/2023,490,402375
10/26/2021,491,81.86
1/21/2023,492,17930
4/3/2023,494,1600
4/5/2023,491,36
6/4/2022,493,527.88
12/5/2021,493,866.7
11/13/2022,492,6070
1/12/2023,493,310.08
7/30/2022,493,187.52
10/21/2022,491,56.53
11/2/2021,492,10033
4/11/2022,491,123.16
6/19/2022,493,43.86
2/15/2022,495,49.48
9/29/2021,493,814.42
7/23/2022,493,92.46
7/6/2022,492,19200
7/6/2022,493,835.14
7/14/2022,490,194280
2/28/2023,490,125029
6/27/2022,490,271654
3/28/2023,494,4410
4/14/2023,494,1400
2/19/2022,491,232.02
11/19/2021,493,1284.76
9/12/2021,492,6000
3/9/2023,493,1041.66
9/20/2021,490,194524
2/2/2022,491,583.66
10/1/2021,494,900
9/3/2022,492,250
2/20/2023,492,12280
4/3/2023,490,340416
5/16/2023,493,1025.52
12/6/2021,493,592.78
9/3/2021,490,30260
11/2/2021,493,370.48
6/19/2022,492,250
11/26/2022,491,396.08
3/17/2023,490,366651
6/2/2022,492,17450
6/5/2023,495,97.92
8/17/2022,492,6630
12/13/2022,491,224.06
2/24/2022,495,135.94
2/28/2022,490,855670
3/8/2022,491,132.22
3/17/2022,490,353011
11/19/2021,490,389190
11/19/2021,492,13435
8/9/2022,492,10550
9/24/2022,495,49.46
12/4/2022,491,104.48
12/5/2022,490,248014
1/7/2023,491,179.68
2/3/2023,490,351470
3/9/2023,492,9450
9/20/2021,492,5690
3/26/2023,492,8910
4/29/2023,492,50
6/2/2023,493,1025.12
4/3/2022,490,227663
5/27/2022,494,1800
12/23/2021,492,11590
10/10/2021,494,500
7/6/2022,490,324281
7/8/2022,494,800
7/14/2022,493,218.36
9/3/2022,493,770.34
10/23/2022,491,132.29
11/18/2022,490,341240
1/17/2023,490,291858
1/19/2023,494,600
2/5/2023,494,800
2/20/2023,490,421669
2/22/2023,494,1400
4/20/2022,490,313122
6/2/2022,490,436017
4/20/2023,492,150
12/14/2021,493,775.38
12/21/2022,491,44.8
4/3/2023,493,1137.84
6/4/2022,494,2600
1/9/2022,492,8870
12/6/2021,492,1375
9/3/2021,492,2350
8/26/2022,492,8340
10/16/2022,493,819.99
1/11/2023,494,2800
1/28/2023,494,2500
11/2/2021,490,278043
4/12/2023,492,11990
5/7/2023,492,1150
5/24/2023,492,12643
5/28/2023,495,97.12
6/14/2023,495,96.5
10/16/2021,493,462.66
10/18/2021,494,800
11/4/2021,494,800
12/31/2021,493,461.84
1/21/2022,495,90.3
11/27/2021,493,101.36
6/19/2022,490,67514
7/31/2022,493,466.98
3/17/2023,493,1185.2
4/20/2022,492,18005
4/23/2022,494,700
4/19/2022,491,130.58
11/2/2022,493,890.41
1/24/2023,491,214.44
3/11/2023,494,2450
7/23/2022,492,5320
8/17/2022,493,385.28
2/2/2022,490,346220
2/4/2022,492,17500
6/12/2022,494,4460
12/15/2021,490,389383
2/19/2023,493,1661.34
4/3/2023,492,8100
4/4/2023,492,23146
5/16/2023,492,11165
6/10/2023,493,1300.58
2/10/2022,491,360.6
2/16/2022,495,94.42
3/8/2022,490,152695
3/17/2022,491,129.6
11/18/2021,493,146.84
9/15/2021,494,800
9/20/2022,493,653.16
9/21/2022,492,6090
12/5/2022,491,277.66
3/26/2023,493,666.4
4/29/2023,493,89.74
3/24/2022,491,90.4
3/28/2022,494,2100
10/26/2022,491,90.17
1/16/2023,494,1900
1/19/2023,491,165.12
2/5/2023,491,222.46
4/9/2023,494,850
7/4/2022,495,96.44
11/9/2022,494,1250
1/14/2023,494,1300
6/7/2022,494,3100
5/24/2022,494,500
3/31/2022,490,1382786
12/11/2021,493,808.86
10/29/2021,490,459260
8/4/2022,491,91.26
1/12/2023,492,16110
3/3/2023,490,265227
5/21/2022,492,12690
8/31/2022,490,620239
9/17/2022,490,162095
11/30/2021,490,609432
3/31/2023,493,856.42
1/20/2022,492,28382
7/20/2022,493,192.16
1/20/2023,493,633.34
3/14/2023,493,696.38
10/2/2021,493,294.55
10/11/2021,492,1150
12/25/2021,491,133.34
12/28/2021,493,470.1
1/11/2022,491,237.96
1/23/2022,494,2300
3/5/2022,491,40.78
10/21/2022,492,11140
6/22/2022,490,26113
1/3/2023,493,1165
1/4/2023,491,51.3
3/23/2023,492,9485
4/9/2023,492,12950
6/5/2023,493,286.68
6/6/2023,491,127.44
3/21/2022,493,822.44
3/22/2022,491,91.78
7/9/2022,490,251700
11/7/2022,492,10806
3/28/2023,491,125.04
5/30/2022,493,326.8
9/5/2022,491,228.56
4/23/2023,490,95000
6/10/2022,494,500
6/12/2022,491,305.84
10/27/2021,492,11610
10/28/2021,492,7350
10/12/2022,493,707.71
4/6/2023,492,9830
6/8/2022,494,1400
6/9/2022,494,1520
5/27/2022,493,707.8
3/31/2022,494,2100
1/5/2022,492,19210
10/30/2021,490,346620
9/6/2021,490,62160
8/4/2022,493,186.78
8/5/2022,491,70.54
8/6/2022,493,48.52
1/13/2023,492,10080
1/28/2023,492,13020
1/29/2023,492,16620
2/16/2023,490,385116
9/14/2022,490,207855
9/16/2022,490,157905
11/15/2021,490,291755
10/5/2021,493,1076.79
10/12/2021,492,12610
12/20/2021,492,12620
1/3/2022,492,15050
1/16/2022,495,97.08
1/31/2023,490,544216
6/16/2023,492,6610
10/13/2022,493,619.79
11/22/2022,490,438759
11/23/2022,490,419368
1/4/2023,493,1342.26
3/21/2022,491,179.68
8/20/2022,493,434.3
3/15/2022,492,1800
3/14/2022,492,400
3/19/2022,491,141.06
10/27/2022,493,1017.25
10/28/2022,493,1061.53
10/29/2022,493,937.65
12/8/2022,490,342610
1/6/2023,493,1465.1
4/26/2023,490,244399
5/28/2022,491,210.96
5/29/2022,491,33.6
12/9/2022,490,369673
4/7/2023,492,8240
4/8/2023,492,8870
8/16/2022,494,1000
2/14/2023,490,423382
6/15/2023,492,13830
4/14/2022,492,21150
2/22/2022,490,459540
8/30/2022,494,500
1/22/2023,491,195.08
3/14/2023,491,296.6
4/5/2023,490,381917
5/16/2023,494,2400
6/4/2022,492,13450
2/1/2022,493,328.48
9/21/2022,491,271.78
11/11/2022,491,85.98
3/28/2022,490,374292
7/12/2022,490,185800
3/11/2022,490,344615
7/29/2022,490,320587
6/25/2022,490,67055
3/28/2023,493,1106.4
9/13/2021,491,202.76
9/14/2021,493,726.96
10/1/2021,493,320.61
10/4/2021,491,170.78
12/23/2021,494,2000
12/28/2021,491,538.08
12/29/2021,493,705.56
1/14/2022,491,547.36
1/15/2022,493,910.78
11/19/2021,494,600
6/17/2022,493,932.74
10/22/2022,492,7880
1/30/2023,494,3320
3/19/2023,490,346358
4/1/2022,490,176149
10/5/2022,492,7400
10/8/2022,491,144.87
9/1/2022,492,5640
4/12/2023,494,1300
5/18/2022,492,12600
11/23/2022,494,1080
12/14/2022,494,920
2/8/2023,491,89.88
3/11/2023,493,1311.8
6/2/2023,494,2670
8/15/2022,492,11070
9/4/2022,491,281.74
10/1/2022,492,3825
10/25/2022,491,125.39
12/10/2022,494,400
12/31/2022,494,800
2/22/2023,493,848.3
7/4/2022,493,1275.92
2/10/2022,492,31855
1/7/2022,492,33980
12/3/2021,492,12540
9/6/2021,492,3100
8/3/2022,493,140.94
8/28/2022,490,446876
10/17/2022,490,318449
11/13/2022,493,521.34
1/10/2023,492,17220
2/17/2023,490,383254
12/21/2021,490,353389
11/17/2021,490,236025
10/13/2021,490,292452
10/10/2021,492,14750
5/26/2023,495,192.72
6/13/2022,493,856.2
4/17/2022,494,1800
7/20/2022,491,102
10/9/2022,493,760.39
6/12/2023,494,720
6/13/2023,493,1702.42
9/27/2021,491,216.73
10/26/2021,493,427.82
12/16/2021,494,400
3/13/2022,493,666.12
9/10/2022,493,707.6
9/11/2022,491,36.6
12/28/2022,490,391466
2/18/2022,495,95.76
2/23/2022,494,800
2/12/2022,491,323.1
3/24/2023,491,376.14
4/27/2023,492,650
6/12/2022,492,3160
12/23/2022,492,15200
4/4/2023,494,2300
5/15/2023,490,367215
4/9/2022,491,325.04
4/4/2022,492,8980
1/26/2023,493,994.92
4/28/2022,491,346.84
12/23/2021,493,611.46
11/30/2021,494,3500
10/7/2021,490,65631
9/22/2021,494,500
7/17/2022,494,840
10/23/2022,490,184087
12/31/2022,490,756681
1/16/2023,491,199.54
8/1/2022,490,253712
3/18/2023,490,247618
6/5/2022,494,700
5/24/2022,490,328413
9/3/2021,491,191.05
9/27/2022,491,187.02
1/27/2023,494,1250
2/28/2023,492,5150
4/12/2022,490,366495
5/7/2023,493,236.24
5/8/2023,492,8600
9/11/2021,491,282.78
10/16/2021,492,6550
10/19/2021,494,300
10/24/2021,492,4570
1/26/2022,493,846.92
11/11/2021,493,370.08
11/27/2021,492,8410
3/3/2023,494,1200
4/20/2022,491,127.34
12/16/2022,494,1936
4/11/2023,492,10830
9/12/2022,493,621.26
11/6/2022,495,23.34
11/8/2022,491,203.02
11/28/2022,493,931.82
1/8/2023,490,314383
2/11/2023,490,426962
2/12/2023,490,282795
7/5/2022,493,696.7
8/18/2022,492,5260
12/12/2022,491,215.92
9/21/2021,490,262628
10/15/2021,492,7990
3/19/2022,494,1000
4/28/2022,490,466954
4/29/2022,491,46.52
4/30/2022,494,800
3/2/2022,492,1035
2/4/2022,493,627.34
12/24/2021,490,226593
10/6/2021,493,506.3
10/7/2021,491,484.89
9/1/2022,491,177.8
9/4/2022,493,621.2
10/25/2022,493,647.06
11/20/2022,494,800
12/7/2022,493,801.96
1/16/2023,492,19870
1/16/2023,490,327988
1/18/2023,494,1000
3/8/2023,492,20460
10/25/2021,492,8640
1/24/2022,490,456640
9/27/2022,490,338918
1/7/2022,490,273838
2/13/2022,492,10430
4/6/2023,495,49.16
5/18/2023,495,96.64
6/3/2023,492,7590
2/21/2022,493,1053.7
2/27/2022,492,11169
10/30/2022,491,112.75
5/25/2022,490,152953
6/9/2022,493,856.8
6/10/2022,491,51.2
4/13/2022,494,3200
10/28/2021,494,500
7/18/2022,494,200
8/29/2022,494,200
12/24/2022,493,823.58
5/17/2023,492,12135
9/4/2021,490,33230
8/27/2022,492,6800
5/15/2022,490,411724
3/27/2023,490,397293
3/29/2023,494,600
4/13/2023,490,351152
5/8/2023,493,325.84
5/25/2023,493,1079.32
9/14/2021,495,66.09
10/16/2021,491,209.28
12/26/2021,494,800
11/11/2021,492,3950
6/18/2022,492,7130
11/26/2022,490,340316
5/16/2022,491,137.5
6/26/2022,493,614.88
6/27/2022,491,216.3
10/13/2022,491,239.89
1/1/2023,494,1300
3/12/2023,494,1050
9/13/2022,492,1900
1/8/2023,491,93.5
2/27/2023,492,7260
7/5/2022,492,7930
10/22/2021,493,374.36
4/10/2023,492,8480
9/10/2021,490,120584
10/25/2021,494,800
12/17/2021,492,6560
12/17/2021,493,547.12
1/26/2022,491,159.94
8/1/2022,494,800
1/31/2023,491,278.3
3/18/2023,494,550
2/22/2022,495,45.02
3/18/2022,491,233.04
12/6/2022,491,203.96
1/21/2023,494,2920
5/14/2023,493,598.84
5/14/2023,492,8900
1/14/2023,490,282640
2/13/2023,492,13030
2/28/2022,493,672.58
2/16/2022,491,83.44
2/11/2022,493,703.32
3/10/2022,490,350161
3/12/2022,494,1000
3/14/2022,490,168216
3/8/2022,494,200
1/5/2023,492,10430
3/6/2023,493,1086
3/7/2023,491,89.24
5/30/2023,494,2300
12/30/2021,492,23510
4/22/2022,491,140.1
3/27/2022,490,449350
1/4/2022,491,574.32
10/21/2021,494,200
1/22/2023,492,13320
2/25/2023,493,908.78
11/5/2021,490,267054
7/17/2022,490,239443
11/22/2021,490,274737
3/20/2023,490,429907
6/16/2022,493,983.82
10/9/2021,493,516.79
9/2/2022,492,2700
9/6/2022,492,600
12/13/2021,492,17215
4/6/2023,490,204635
11/15/2022,490,468302
5/27/2023,492,18668
10/13/2021,493,546.56
12/18/2021,491,73.82
6/17/2022,491,139.52
9/9/2022,494,520
10/19/2022,493,703.65
10/20/2022,491,169.32
4/17/2022,492,4880
7/3/2022,493,622.34
7/4/2022,491,93.46
7/6/2022,495,43.84
5/13/2023,494,1500
5/10/2023,492,6040
11/5/2022,493,983.28
1/8/2023,494,700
4/22/2022,490,163178
5/22/2022,491,211.32
5/21/2022,493,91.98
3/26/2022,493,532.46
3/27/2022,491,133.02
1/30/2022,491,414.74
11/8/2021,493,877.32
6/2/2022,494,720
12/15/2022,490,410239
2/7/2023,494,1120
2/8/2023,493,495.9
2/9/2023,491,174.96
6/17/2022,490,295862
8/12/2022,490,398846
10/10/2021,490,343812
10/20/2022,490,244247
12/18/2021,490,273625
2/12/2022,490,435360
3/23/2023,493,1079.26
5/2/2023,490,280450
9/9/2021,492,5056
3/22/2022,492,17980
6/15/2022,494,1400
5/30/2022,492,7770
2/5/2022,495,88.78
1/16/2022,493,444.48
10/2/2022,492,7844
10/5/2022,494,200
12/10/2022,492,8318
2/22/2023,490,431088
11/17/2021,492,8000
1/25/2022,492,16820
11/22/2021,491,305.92
8/7/2022,492,950
9/23/2022,493,846.7
12/1/2022,493,471.48
12/2/2022,491,68.08
2/17/2023,492,8080
4/14/2023,492,11820
6/14/2023,491,185.64
9/13/2021,493,772.16
9/14/2021,491,168.13
9/25/2021,494,400
7/29/2022,493,514.12
4/17/2023,494,1700
2/10/2022,494,800
8/10/2022,494,1200
5/31/2023,493,1346.36
4/5/2023,493,1237.22
4/6/2023,491,112.08
4/7/2022,494,2200
12/13/2022,494,200
9/22/2021,490,182431
12/23/2021,491,72.5
11/12/2021,492,6710
6/16/2022,491,202.76
4/5/2022,493,640.76
8/22/2022,491,133.98
11/7/2022,490,65511
5/30/2023,492,14555
5/12/2022,491,89.86
5/21/2022,494,520
6/27/2022,494,300
1/23/2023,493,1082.12
9/4/2022,494,2100
3/20/2023,492,13110
4/9/2023,490,442125
3/2/2022,491,274.02
12/4/2022,493,747.72
4/26/2023,492,6200
9/5/2022,493,531.14
12/12/2022,490,381498
1/15/2023,490,331337
2/14/2023,492,17458
5/12/2023,494,520
2/9/2022,490,521590
6/9/2022,492,10500
10/30/2021,492,6910
6/29/2022,491,128.28
9/26/2022,493,597.08
12/25/2022,490,359973
1/28/2023,490,430485
4/19/2022,490,438451
5/17/2022,490,389412
7/25/2022,490,220052
8/15/2022,490,259913
4/16/2023,491,126.16
5/6/2023,493,332.96
6/12/2023,492,15200
12/20/2022,491,89
9/9/2021,490,321312
9/17/2021,491,96.08
11/2/2021,494,1600
1/27/2022,491,42.08
11/19/2021,491,36.8
12/28/2022,492,13660
6/17/2023,490,68130
4/4/2022,494,2400
6/20/2022,490,62281
5/31/2022,493,1338.88
4/1/2022,492,4400
3/23/2022,493,597.66
2/17/2022,491,392.12
7/7/2022,492,4320
8/23/2022,493,912.78
9/14/2022,492,4860
2/26/2023,493,1044.24
3/15/2022,490,159425
3/27/2023,491,134.46
5/9/2023,492,8650
2/28/2022,494,900
10/31/2022,493,926.68
2/7/2022,494,2000
12/7/2022,492,2400
2/1/2023,492,9200
3/7/2023,492,17405
8/13/2022,494,2120
11/20/2022,490,329272
2/5/2023,493,577.18
3/10/2023,494,2960
4/7/2023,494,2030
4/22/2023,490,85100
6/3/2023,493,1027.21
1/13/2023,494,400
4/2/2023,493,830.92
6/15/2023,494,1820
11/9/2021,490,389159
10/23/2021,490,486168
9/19/2022,492,10250
7/30/2022,490,348115
2/25/2022,490,343300
4/30/2023,494,2010
5/23/2023,492,12690
3/21/2022,494,1100
2/3/2022,491,250.5
1/17/2022,491,70.5
7/13/2022,490,348000
10/23/2022,493,444.36
10/24/2022,491,125.39
1/18/2023,492,16926
2/4/2023,492,22430
2/21/2023,493,694.66
2/22/2023,491,239.18
3/10/2023,493,1262.28
4/19/2023,490,407515
5/17/2023,494,2700
6/4/2022,491,223.3
11/20/2021,494,800
12/2/2022,490,294126
1/12/2023,494,400
9/26/2021,493,501.65
9/30/2021,493,385.72
12/31/2021,491,76.86
1/12/2022,492,13605
2/15/2022,493,988.68
4/2/2023,490,242320
6/9/2023,492,9940
6/3/2022,493,663.3
9/15/2022,492,10510
10/6/2022,493,1260.03
10/7/2022,491,58.19
11/28/2022,490,273895
2/26/2023,491,88.06
